Händler-SKU;ASIN 1;Artikelbezeichnung;Artikelbeschreibung;Angebotsnummer;Preis;Menge;Erstellungsdatum;Produkt-ID-Typ;Anmerkung zum Artikel;Artikelzustand;Internationaler Versand;Expressversand;Produkt-ID;Anzahl Bestellungen;Versender;Standardpreis;Produktsteuerschlüssel;Nettopreis
00033;B0038W1SLM;Darjeeling grün SF FTGFOP aus Teeinitiative 1 Kg rückstandskontr.;;0111MB5AQJU;32.9;0;11/01/2012 12:08:28 MET;1;.;11;;;B0038W1SLM;0;DEFAULT;;;
00043;B004EXUT5U;Pinien Honig, Kiefernwald vom Mittelmeer, dunkel, mild würzig, 500g;;0509MP049A0;08. Sep;6;09/05/2012 12:39:15 MEST;1;;11;;;B004EXUT5U;0;DEFAULT;;;
0008;B0035G9SG8;"Creano Teeblumen Mix - Geschenkset ""ErblühTee"" mit Glaskanne Weißtee (6 verschiedene Sorten)";;0205OVBXQOC;24. Sep;0;05/02/2014 14:13:27 MET;1;;11;;;B0035G9SG8;0;DEFAULT;;;
0009;B0035G50YW;Creano Teeblumen Mix – „ErblühTee“ in edler Geschenkbox zum Probieren | Weißtee (6 verschiedene Sorten Teerosen);;0205OVBOZF6;11. Sep;0;05/02/2014 14:09:59 MET;1;;11;;;B0035G50YW;0;DEFAULT;;;
00100;B007OULS5A;Abraham´s Tea House -Bio Früchtetee Initiative - 1kg;;0329MG56N0O;22. Sep;0;29/03/2012 12:03:43 MEST;1;.;11;;;B007OULS5A;0;DEFAULT;;;
02645;B00519G2Z2;Monbana Schokoladenpulver Mandel 250g Dose (mind. 32% Kakao), 1er Pack (1 x 250 g);Die Trinkschokoladen von Monbana sind eine besondere Spezialität aus dem Hause des französischen Chocolatier. Der Kakaoanteil beträgt 33%. Durch die vielfältigen Geschmacksrichtungen ist für jeden Schokoladenliebhaber etwas dabei. Die Kreationen aus französischer Schokolade sind von exklusiver Qualität und versprechen einen einzigartigen Genuss. Monbana Trinkschokolade Mandel - köstliches Schokoladengetränk mit Mandelaroma, verpackt in einer schönen Metalldose (250g) mit geprägtem Muster. Das Pulver einfach mit heißer Milch aufgießen und umrühren.;0209MYVHNVU;06. Sep;0;09/02/2012 12:37:44 MET;1;.;11;;;B00519G2Z2;0;DEFAULT;;;
02652;B00B7XOEOW;Monbana Trinkschokolade Tresor de Chocolat Dose 250 g;;0209MYVISO6;06. Sep;0;09/02/2012 12:41:14 MET;1;;11;;;B00B7XOEOW;0;DEFAULT;;;
05-Q9T2-DV5N;B07GFGRWJK;Reiner, dunkler Bio Kakao 100% - Becks Cocoa - 1200g;Einfach 100% bester Kakao, herb ohne jegliche Zusätze veredelt ein Stück Zentralamerika zum Genießen. Löst sich ohne Kochen in warmer Milch. Beschreibung: 100% Criollo Edelkakao. Geschmackston: purer Kakao, zartherb ohne Bitterstoffe Geruchston: edelherbe Schokoladennuance. Anmerkung: für fortgeschrittene Kakaotrinker und Liebhaber herber Noten.;0814UH2U39O;44.9;4;14/08/2018 12:01:27 MEST;4;;11;;;4016600112759;0;DEFAULT;;;
05000699;B00KTGC44K;6er Tee Kräutertee nach Eva Aschenbrenner, 175 g Tee;;0107O268Q2O;Sep 45;0;07/01/2014 11:00:42 MET;1;;11;;;B00KTGC44K;0;DEFAULT;;;
0N-XRLF-Q1AB;B0821H8NFY;Keiko Shincha Set 3x50g Bio, Ernte 2019;Shincha ist wörtlich übersetzt der 'Neue Tee'. Er wird aus den ersten feinen Blättchen gemacht, die im Frühjahr sprießen, und wird nur leicht getrocknet. Dadurch erhält er ein besonders frisches Aroma. Doch Shincha ist nicht gleich Shincha: Je nach Beschattung, Dämpfungsgrad, Anbauregionen und Tee-Varietäten unterscheiden sich die verschiedenen Sorten auch geschmacklich voneinander. Shincha Classic Altbewährt und immer wieder ein Genuss! Der Klassiker unter den KEIKO Shinchas ist intensiv gedämpft (Fukamushi) und besteht auch dieses Jahr zu 100% aus der Varietät Yutaka Midori („reiches Grün“). Diese Sorte hat einen frischen, vollen Geschmack mit spritzig grüner Färbung. Ideal auch für den Kaltaufguss! Shincha Yume 2013 begeisterte uns die erste Kostprobe der allerersten Ernte der noch jungen Teesträucher der Sorte Yume Kaori (zu Deutsch: „Traumaroma“) so sehr, dass wir neben dem Shincha Classic erstmals eine weitere Shincha-Sorte - den Shincha Yume - anboten. Dabei hatte uns von Anfang an vor allem auch der Duft verzaubert – auch in diesem Jahr enthält der Shincha Yume wieder zu 100% diese Varietät und verströmt schon beim Öffnen der Tüte ein wunderbares Aroma. Etwas heller als zuvor in der Tasse und doch fein-süßlich und samtig- aromatisch im Geschmack mit langem Nachhall. Auch dieser Tee ist intensiv gedämpft (Fukamushi). Shincha Yakushima Yakushima ist eine Insel in der Präfektur Kagoshima, die südlich der Hauptinsel Kyushu liegt und aufgrund der uralten Zeder-Baumbestände und Wasserfälle sowie als Brutstätte für Meeresschildkröten seit 1993 als UNESCO Weltnaturerbe gilt. Hier war die Familie Fujiwara die erste, die inmitten der üppigen, unberührten Natur Tee anbaute und später als erste auf Anbau nach EU-Bio-Richtlinien umstellte, der vom subtropischen Klima profitiert. Der Shincha Yakushima ist nur leicht gedämpft und hat daher ein angenehm sanftes Aroma bei hellerer Tassenfarbe. Der Shincha Yakushima besteht zu 100% aus der Varietät Yabukita.;1126VQ76WU6;69;0;26/11/2019 12:08:54 MET;4;;11;;;4031322105889;0;DEFAULT;;;
1G-ECRR-DNIK;B075MDC3WJ;Bio Creme Brulee - Grüner Tee (250g);;1204V9VDCM2;11. Mai;0;04/12/2019 09:01:32 MET;1;;11;;;B075MDC3WJ;0;DEFAULT;;;
1Y-29LH-SDGP;B082HW4X8J;Bio MyCocoa Caramel - Trinkschokolade - 375g Dose;Eine Bio Caramel Trinkschokolade von MyCocoa nit der Süße der Kokosblüte. Ein cremiger Trinkschokoladen Genuss aus österreichischer Produktion. Zutaten: 50% Kakao schwach entölt, Rohrrohzucker, Rübenzucker, 10% Sahnekaramell, 10% Kokosblütenzucker, Meersalz.. Aus biologischer Landwirtschaft. AT-BIO-301 / Nicht EU-Landwirtschaft.;1209VMXJGVR;08. Sep;0;09/12/2019 11:48:30 MET;4;;11;;;9120047790717;0;DEFAULT;;;
30748;B00M9DHIR4;"Tea for One Set ""Evi""";;1207NPSGGYC;22. Sep;0;07/12/2013 10:52:00 MET;1;.;11;;;B00M9DHIR4;0;DEFAULT;;;
31121;B00EPDN6D6;Cha Cult - Tea for one Set Ben 1 Stück;;0116OKOWYZI;21. Mai;0;16/01/2014 10:05:47 MET;1;.;11;;;B00EPDN6D6;0;DEFAULT;;;
45-DFSM-1M97;B075XK74SY;bloomix Teeset Tea Time 340 ml, doppelwandiges Thermo-Teeset;;0926SEUYRTC;20. Sep;0;26/09/2017 10:49:47 MEST;4;;11;;;9120036783225;0;DEFAULT;;;
4G-3H9C-H465;B075MDD98D;Bio Creme Brulee - Grüner Tee (1000g);;1203V7TXCXL;42.5;0;03/12/2019 12:46:00 MET;1;;11;;;B075MDD98D;0;DEFAULT;;;
53031;B00HQFXJBE;Türkischer Apfeltee im Teebeutel;Original Türkischer Apfeltee aus sonnengereiften türkischen Äpfeln. So kennen Ihn die meisten Türkeiurlauber noch von Ihrem letzten Urlaub. Angenehm fruchtig mit leichter Süße. Eine Schachtel enthält 15 Teebeutel a 2g Tee.;0107O2HLIA0;Feb 75;0;07/01/2014 13:53:19 MET;4;;11;;;4004986243013;0;DEFAULT;;;
58403;B005BM66EG;Aktuell Bio Sencha, 1er Pack (1 x 500 g) - Bio;;0123MLWJP4U;15. Apr;8;23/01/2012 12:40:44 MET;1;;11;;;B005BM66EG;0;DEFAULT;;;
7K-MLLY-WBAS;B07V24FP86;Bio Früchtetee ohne Zusatz von Aroma im Kilopack - Früchtetee;Eine gelungene Früchteteemischung ohne Zusatz von Aroma aus kontrolliert biologischem Anbau im Kilopack. Bio Früchtetee ohne Zusatz von Aroma - ideal für Freunde des puren, unaromatisierten Früchtetee Geschmacks Aus kontrolliert biologischem Anbau DE-ÖKO-001. Hinweis: Die Teetasse auf dem Foto ist nicht im Lieferumfang enthalten.;0709VU6JB09;25. Sep;0;09/07/2019 12:41:49 MEST;3;;11;;;758913511587;0;DEFAULT;;;
80038;B014FH9HF2;Cha Cult Tea for One Set Jared - Keramik;;0118SJ7KAXU;18. Sep;0;18/01/2017 15:23:47 MET;1;;11;;;B014FH9HF2;0;DEFAULT;;;
80055;B01M136AZQ;"Tea for one Set ""Jesse"" Keramik, 4-teilig Kanne: 0,4 l, Tasse: 0,2 l";;0118SIHXHMC;18. Apr;0;18/01/2017 12:44:28 MET;1;.;11;;;B01M136AZQ;0;DEFAULT;;;
80068;B01LL9PZD0;"Tea for one Set ""Sao"" Keramik mit Goldauflage 4-teilig, Kanne: 0,4 l, Tasse: 0,2 l";;0118SI1LG9O;22. Sep;0;18/01/2017 10:35:35 MET;1;.;11;;;B01LL9PZD0;0;DEFAULT;;;
80230;B00OOOYII8;Tee-Adventskalender 24 Pyramidenbeutel;;0920Q30OKEC;13. Sep;0;20/09/2016 10:40:23 MEST;1;;11;;;B00OOOYII8;0;DEFAULT;;;
81012-6;B01N0382YY;Knusperhäuschen milder Früchtetee 6x15 Pyramiden Teebeutel;6x15 Pyramidenteebeutel a 4,5 gr. gefüllt mit Früchtetee aromatisiert;1110Q3SAVZI;30;0;10/11/2016 13:19:03 MET;3;.;11;;;737069840642;0;DEFAULT;;;
81059;B004VLW6QU;"CHA CULT - Teekanne ""Nandina"" ORIENTALISCHE Teekanne";;1207NPUOJAI;27. Sep;0;07/12/2013 11:24:25 MET;1;.;11;;;B004VLW6QU;0;DEFAULT;;;
83223;B009SKXU0K;"Cha Cult Tea-for-One ""Melly / Sophie"" weiß - Bone China";;0224O6IQ636;39.5;0;24/02/2014 10:27:58 MET;1;.;11;;;B009SKXU0K;0;DEFAULT;;;
83451;B003GBBR48;Tea-For-One Set Afrika;;1207NPSBYGC;18. Mai;0;07/12/2013 10:47:36 MET;1;.;11;;;B003GBBR48;0;DEFAULT;;;
84327-250;B007VM8FNY;New Earl Grey of Grey Schwarzer Tee 250g;Schwarzer Tee mit echten Bergamotte Ecken.;0419M172ZKI;10. Sep;0;19/04/2012 11:49:44 MEST;4;.;11;;;4004986577569;0;DEFAULT;;;
88-248;B00X5IKHVQ;Bancha Hoshino - Grüner Tee aus Japan im Originalgebinde - 100g;Grüner Bancha Tee. Herkunft: Japan, südliche Insel Kyushu. Präfektur: Fukuoka. Region: Yame/Hoshino. Grüner Tee Hoshino Bancha - ein sehr angenehmer, milder, weicher und hochwertiger Bancha Tee im 100g Originalgebinde.;0505PRSSEQU;Aug 95;0;05/05/2015 10:21:35 MEST;3;.;11;;;737069840413;0;DEFAULT;;;
89057-100;B007VM8DC2;Birnengarten Früchte Tee 100g;Früchteteemischung mit Birnen-Geschmack;0419M172QL6;04. Apr;0;19/04/2012 11:49:20 MEST;4;;11;;;4004986577071;0;DEFAULT;;;
894095;B006YVJXKW;Pflege Deine Stimme Bio Tee Ayurvitaler Kräutertee;100g;0117MH01BSO;Mrz 95;9;17/01/2012 20:03:22 MET;4;;11;;;4004986402885;0;DEFAULT;;;
89517-500;B007VM8E58;Bananentee Karibikzauber Früchtetee - 500gr;Mit erfrischend fruchtigem Ananas- Bananengeschmack.;0419M172U76;17. Mai;0;19/04/2012 11:49:30 MEST;4;;11;;;4004986577156;0;DEFAULT;;;
92643;B007GKYIYQ;Weißer Tee Himbeer Ingwer 100g;Weisser Tee mit Himbeer-Ingwer-Geschmack;0303MJQW7CO;04. Sep;0;03/03/2012 12:31:54 MET;4;;11;;;4030683006507;0;DEFAULT;;;
93889;B006XBWOQ8;FLORAGOLD Pyramidenbeutel Bio FT Maracuja Orange, 1er Pack (1 x 67.5 g);15 Pyramidenteebeutel a 4,5 gr. gefüllt mit Früchtetee aromatisiert;0114MEY5LWU;05. Apr;7;14/01/2012 11:33:37 MET;4;.;11;;;4030683002189;0;DEFAULT;;;
93893;B006XBWNDW;FLORAGOLD Pyramidenbeutel grüner Tee Bio Japan Sencha, 1er Pack (1 x 38 g);15 Pyramidenteebeutel a 2,5 gr. gefüllt mit Grüntee;0114MEY5J0O;05. Apr;12;14/01/2012 11:33:34 MET;4;.;11;;;4030683002158;0;DEFAULT;;;
93903;B006XBWTD6;FLORAGOLD Pyramidenbeutel Früchtetee Weihnachtsfrüchte, 1er Pack (1 x 75 g);15 Pyramidenteebeutel a 5 gr. gefüllt mit Früchtetee aromatisiert;0114MEY5UQC;05. Apr;0;14/01/2012 11:33:48 MET;4;.;11;;;4030683002202;0;DEFAULT;;;
93962;B006XBXYCQ;FLORAGOLD Pyramidenbeutel Bio KT Kamillenblüten, 1er Pack (1 x 26.25 g);15 Pyramidenteebeutel a 1,75 gr. gefüllt mit Kräutertee (Kamillenblüten ganz);0114MEY794I;05. Apr;10;14/01/2012 11:35:36 MET;4;.;11;;;4030683002295;0;DEFAULT;;;
93963;B006XBWRG0;FLORAGOLD Pyramidenbeutel Bio KT Pfefferminzblätter geschnitten, 1er Pack (1 x 30 g);15 Pyramidenteebeutel a 2 gr. gefüllt mit Bio-Pfefferminzblätter, geschnitten;0114MEY5RCO;05. Apr;9;14/01/2012 11:33:43 MET;4;.;11;;;4030683002301;0;DEFAULT;;;
93969;B006WYOXO2;"FLORAGOLD Pyramidenbeutel Grüner Tee Bio China ""Nebeltee"", 45 g";15 Pyramidenteebeutel a 3 gr. gefüllt mit Grüntee;0113MDIWXFU;05. Apr;9;13/01/2012 12:14:36 MET;4;;11;;;4030683002110;0;DEFAULT;;;
93973;B006XBYPWE;FLORAGOLD Pyramidenbeutel Kräutertee Bio Traumfigur, 1er Pack (1 x 38 g);15 Pyramidenteebeutel a 2,5 gr. gefüllt mit Kräutertee aromatisiert;0114MEY7W5O;05. Apr;15;14/01/2012 11:37:25 MET;4;.;11;;;4030683002349;0;DEFAULT;;;
9H-PY1P-WHTS;B07F1N8KXT;Brasil Doce Diamantina - 1000g Röstkaffee in Bohnen;Im Herzen Brasiliens liegt eine Landschaft von ganz besonderem Wert – die Cerrado Savanne. Dort, auf einer Anbauhöhe von 800-1100 m, gedeiht dieser „süße Diamant“, wie der Doce Diamantina übersetzt heißt. Der Brasil Doce Diamantina wird in Cerrado angebaut, der savannenartigen Region Zentral Brasiliens, südwestlichen im Bundesstaat Minas Gerais. Hier arbeiten Kooperativen und Farmer eng zusammen um durch strenge Kontrollen, ständige Überwachung eine konstante Spitzenqualität zu gewährleisten. Besonderer Wert wird auf nachhaltige Verarbeitungsschritte gelegt und so profitieren Umwelt und Menschen gleichermaßen von den gemeinsam unternommenen Anstrengungen. Dieser „süße Diamant“ wird trocken aufbereitet, das heißt, die Kaffeekirschen werden von der Sonne getrocknet und erst im Anschluss vom nun trockenen Fruchtfleisch befreit und gereinigt. Der hochwertige Arabica besticht so durch seine ausgeprägte Süße. Seine besondere Bekömmlichkeit wird dadurch erreicht, dass er besonders säurearm ist. Tassenprofil Intensive Aromen von Schokolade, Karamell bis hin zu einer leichten Marzipan-Note. Der Kaffee verfügt über einen mittleren Körper. Region:Cerrado Höhe:800 bis 1.000m Varietäten:Castillo, Caturra, Bourbon Screen:17/18 NY2 Ernte:September bis Dezember;0626U4NXHSC;25. Sep;0;26/06/2018 10:27:39 MEST;3;;11;;;737069841335;0;DEFAULT;;;
B00JV1FYBE;B00JV1FYBE;Creano Thermo-Glas Hummi, doppelwandiges Tee-Glas, Latte Macchiato, Thermobecher Kolibri | 250ml in exklusiver Geschenkbox, rot;;1103PUHB2ZU;12;0;03/11/2015 13:40:56 MET;1;;11;;;B00JV1FYBE;0;DEFAULT;;;
BK114;B00NTXJC86;Becks Cocoa Trinkschokolade Sinnerman Zimt Dose 250 g;Sinnerman - natürlich, echter Ceylonzimt (auch Javazimt genannt), ein wenig davon in der Mischung, Kardamon für die Tiefe, echt klassisch. Beschreibung: Criollo Edelkakao mit Javazimt. Geschmackston: Zimtnote vorherrschend, Kardamom für das Volumen. Geruchston: herrlich schokoladige Zimtnote. Inhaltsstoffe: Min. 50% Criollo Edelkakao schwach entölt, Zucker, Javazimt, Meersalz.;1210O3U5VNU;08. Sep;9;10/12/2014 13:13:05 MET;1;.;11;;;B00NTXJC86;0;DEFAULT;;;
C00ALL;B00LFPT1CC;Creano doppelwandige Tee-Gläser, Cappuccino-Glas, Thermoglas Hummi im Kolibri Design, 250 ml in exklusiver Geschenkbox, blau / rot / grün;;1103PUGUKHC;35;0;03/11/2015 13:36:29 MET;1;.;11;;;B00LFPT1CC;0;DEFAULT;;;
C0165;B00JV1FYBE;Creano Thermo-Glas Hummi, doppelwandiges Tee-Glas, Latte Macchiato, Thermobecher Kolibri | 250ml in exklusiver Geschenkbox, rot;;1107PBHKYPC;12;0;07/11/2015 14:50:29 MET;1;.;11;;;B00JV1FYBE;0;DEFAULT;;;
C0166;B00JV1G1U2;Creano doppelwandiges Tee-Glas, Latte Machiato, Thermobecher Kolibri | 250ml in exklusiver Geschenkbox, blau;;1103PUH55BC;12. Sep;0;03/11/2015 13:39:06 MET;1;.;11;;;B00JV1G1U2;0;DEFAULT;;;
C0179;B018EARM08;Creano XXL Teeblumen Set ErblühTeelini-Jumbo in 3 verschiedenen Sorten (Weißer Tee);;1121Q8C9YIC;14. Sep;0;21/11/2016 11:45:05 MET;1;;11;;;B018EARM08;0;DEFAULT;;;
C0196;B018UAYV2Y;Creano Teeblumen-Mix in XXL-Größe, Geschenkset mit Jumbo-Glaskanne 1,5l (inklusive Edelstahlfilter) | Weißtee (3 verschiedene Sorten);;1121Q8BXGPU;39.9;0;21/11/2016 11:43:45 MET;1;;11;;;B018UAYV2Y;0;DEFAULT;;;
CN-GOWU-TD80;B07YB4V655;Adventskalender mit Tee - Motiv Weihnachten klassisch;Teeadventskalender Motiv klassisch- Enthält: 24 Pyramidenbeutel (je 2 Beutel in zwölf verschiedenen köstlichen Geschmacksrichtungen). Spitzenqualität, mit Schutzverpackung. Tee Adventskalender. Teekollektion – Teeadventskalender - Das ideale Geschenk für Teetrinker - Mit ausklappbaren Aufstellfüßen und Öse. Zum Aufstellen und zum Aufhängen an der Wand. 2 x 12 Sorten in einzeln kuvertieren Pyramidenbeuteln. Im Tee-Adventskalender sind folgende Teesorten enthalten: (diese finden Sie auch als lose Tee oder Pyramidenbeutel in unserem Onlineshop). 2 x folgende 12 Sorten: 1. FT Knusperhäuschen, 2. FT Weihnachtsfrüchte, 3. KT Vanille Lemongras, 4. ST Darjeeling Royal Garden, 5. GT Bio Japan Sencha, 6. RB Mond und Sterne, 7. GT Tee der langen Freundschaft, 8. RB Kokos Ingwer, 9. KT Bio Relaxing Herbs, 10. FT Glücksbringer, 11. KT Chai Zanzibar, 12. ST Bio Vanille.;0924VJABHB7;21. Sep;0;24/09/2019 12:51:46 MEST;3;;11;;;758913511624;0;DEFAULT;;;
D2-BPL7-BY0T;B00EWSTA98;Barú Chocolate Chai Latte Powder & Schokofiguren, 2er Pack (2 x 250 g);Gewürzhaltiges Chai Getränkepulver mit Schokolade zur Zubereitung eines aromatischen Chais mit heißer oder kalter Milch. BARÚ Chocolate Chai Latte Pulver mit echte Gewürzen, belgischer dunkler Schokolade, echter Madagascar Bourbonvanille und ohne künstlichen Aromen. Ein echter Genuss für für Chai-Tee Freunde;1217USK101P;07. Feb;0;17/12/2018 11:12:50 MET;1;;11;;;B00EWSTA98;0;DEFAULT;;;
DB15574;B01H1PO5MK;China SIMAO Grade1 Gourmet Coffee - Kaffee Ganze Bohne;Der „China Simao“ stammt von der Kaffeefarm Simao Lancangjiang Coffee Co. Ltd. - eine von 126 Kaffeefarmen, die in der Simao Supply & Marketing Cooperative organisiert sind. Der Kaffee wird auf dem Yunnan-Guizhou Plateau, im südwestlichsten Teil Chinas, unter perfekten klimatischen Bedingungen angebaut. Im subtropischen Klima in Höhen von 1200 bis 1600 m gedeihen die Pflanzen hervorragend und sind vor unerwarteten Kälteeinbrüchen geschützt. Der Kaffee hat ein kräftiges und reichhaltiges Aroma mit einer dezent fruchtigen Note und einer angenehmen Säure. Ein richtiger Spitzenkaffee auf Weltklasse-Niveau.;0614QV5QDHI;27. Sep;0;14/06/2016 10:27:44 MEST;4;;11;;;4009636269887;0;DEFAULT;;;
DK88-117;B00YCE1BQC;Shincha Yame Supreme Grüner Tee aus Japan im Originalgebinde 50g;Ein Shincha, also ein Tee aus der Vorpflückung, zeichnet sich immer durch seinen frühlingshaften, Erwartungen erweckenden Duft aus. Ein Shincha aus Yame addiert dazu noch die regional-typische Süße;0527PVJ1NUC;15. Sep;0;27/05/2015 13:32:05 MEST;3;;11;;;737069840475;0;DEFAULT;;;
DK88-136;B00YCD5JFM;Bio Genmaicha Shizuoka japanischer Grüntee im Originalgebinde 100g;Um eine Geschmacksvariation zu erzielen, wird Bancha mit geröstetem Vollkornreis gemischt. Dies ergibt einen leicht bräunlich gefärbten Tee, wohlriechend, erfrischend und duftet leicht nach Popcorn.;0527PVH4LQC;09. Sep;13;27/05/2015 13:18:59 MEST;3;;11;;;737069840451;0;DEFAULT;;;
DK88-190;B00YCEBU5E;Sencha BIO Star No1 Grüner Tee aus Japan im Originalgebinde 100g;Der Sencha BIO-Star Nr. 1 ist eine feine Mischung aus den Teehybriden Sae Midori(Yabukita und Asatsuyu) und Yamakai (Variation Yabukita) und gibt diesem Tee das frische, leicht fruchtige Aroma, die strahlende Farbe, die leichte Süße und den reinen Geschmack im Abgang (Nodogoshi). Ein Geschmackserlebnis, das den Teetrinker immer wieder erfreut, BIO-Star.;0527PVJTPWU;17. Sep;8;27/05/2015 13:36:49 MEST;3;;11;;;737069840482;0;DEFAULT;;;
EU-CNPB-F44Z;B00QTPVF40;Bio Kabuse-Pulver No. 1 in der 30g Schmuckdose - Keiko Green Tea;;1204V9VC9N8;15. Sep;0;04/12/2019 08:57:15 MET;1;;11;;;B00QTPVF40;0;DEFAULT;;;
F80760;B01DBXWE7E;FLORAGOLD Pyramidenbeutel schwarzer Tee Bio Vanille, 1er Pack (1 x 38 g);Ein Schwarzer Bio Tee aus kontrolliert biologischem Anbau von Floragold bietet die Basis für diesen beliebten Klassiker. Die wunderbare Bio-Vanille rundet die milde und perfekt abgestimmte Komposition ab. DE-005-ÖKO;0323Q6HV5RC;05. Apr;12;23/03/2016 12:02:36 MET;4;.;11;;;4030683015257;0;DEFAULT;;;
F80761;B01DBXJQ3E;FLORAGOLD Pyramidenbeutel schwarzer Tee Bio Earl Grey, 1er Pack (1 x 38 g);Bio Schwarztee mit natürlichem Bergamotte aromatisiert im praktischen Pyramiden-Teebeutel von Floragold. Aus kontrolliert biologischem Anbau DE-ÖKO-005;0323Q6GVC4O;05. Apr;17;23/03/2016 11:58:27 MET;4;.;11;;;4030683015264;0;DEFAULT;;;
F80763;B01DBZQHZM;FLORAGOLD Pyramidenbeutel grüner Tee Bio Morgensonate, 1er Pack (1 x 45 g);Natürlich aromatisierter grüner Tee mit Mango-Zitrus-Geschmack im praktischen Pyramiden Teebeutel von Floragold. Aus kontrolliert biologischem Anbau DE-005-ÖKO;0323Q6LAMJ0;05. Apr;12;23/03/2016 12:35:23 MET;4;.;11;;;4030683015288;0;DEFAULT;;;
F80764;B01DBZ0VDQ;FLORAGOLD Pyramidenbeutel grüner Tee Bio Lebensenergie, 1er Pack (1 x 45 g);Grüner Bio Tee mit Maracuja-Ingwer-Geschmack von Floragold im praktischen Pyramiden Teebeutel. Aus kontrolliert biologischem Anbau DE-ÖKO-005;0323Q6JUIHI;05. Apr;16;23/03/2016 12:19:20 MET;4;.;11;;;4030683015295;0;DEFAULT;;;
F80765;B01DBYQSN4;FLORAGOLD Pyramidenbeutel grüner Tee Bio Glücksdrache, 1er Pack (1 x 45 g);Bio Grünteemischung mit Kräutern und Fruchtstückchen im Pyramiden-Teebeutel von Floragold. Grüner Tee Glücksdrache mit blumig-fruchtigem Himbeer Jasmin Geschmack. Aus anerkannt ökologischem Anbau DE-ÖKO-005;0323Q6JGS0O;05. Apr;12;23/03/2016 12:13:32 MET;4;.;11;;;4030683015301;0;DEFAULT;;;
F80766;B01DK70EX2;FLORAGOLD Pyramidenbeutel rotbuschtee Bio Zitrone, 1er Pack (1 x 53 g);Bio Rooibostee Zitrone ist ein Rotbuschtee in bester Bioqualität (DE-005 ÖKO). Der frische, zitronige Geschmack von echtem Lemongras in Bioqualität passt perfekt zu dem milden, süßlich schmeckenden Tee aus Südafrika. Ein Bio Rotbuschtee im Pyramidenbeutel von Floragold.;0329QRJFG8I;05. Apr;8;29/03/2016 07:58:59 MEST;4;.;11;;;4030683015318;0;DEFAULT;;;
F80767;B01DK7ELF4;FLORAGOLD Pyramidenbeutel rotbuschtee Bio Lemon Ingwer, 1er Pack (1 x 53 g);Bio Rotbuschtee (Rooibos) im Pyramiden Teebeutel von Floragold mit Lemon-Ingwer Geschmack. Aus kontrolliert biologischem Anbau DE-ÖKO-005 EU/Nicht EU Landwirtschaft.;0329QRKILPC;05. Apr;12;29/03/2016 08:07:11 MEST;4;.;11;;;4030683015325;0;DEFAULT;;;
F80768;B01DK7QR74;FLORAGOLD Pyramidenbeutel Kräutertee Bio Relaxing Herbs, 1er Pack (1 x 45 g);Kräutertee Relaxing Herbs in bester Bio-Qualität. Harmonische Kräuterteemischung mit ausgewählten Beeren und fruchtigem Blutorangen Geschmack. Aus kontrolliert biologischem Anbau DE-ÖKO-005 EU/Nicht EU Landwirtschaft;0329QRLL9ZU;05. Apr;11;29/03/2016 08:15:46 MEST;4;.;11;;;4030683015332;0;DEFAULT;;;
F80769;B01DK7YAT6;FLORAGOLD Pyramidenbeutel Kräutertee Bio Großmutters Kräuter, 1er Pack (1 x 45 g);Ein Bio Kräutertee mit natürlichem Aroma und Zitrone-Kamille-Geschmack im praktischen Pyramiden Teebeutel von Floragold. Aus kontrolliert biologischem Anbau DE-ÖKO-005 EU/Nicht EU Landwirtschaft;0329QRM00WC;05. Apr;12;29/03/2016 08:21:25 MEST;4;.;11;;;4030683015349;0;DEFAULT;;;
F80770;B01DK8P9PO;FLORAGOLD Pyramidenbeutel Kräutertee Bio Beautiful Day, 1er Pack (1 x 45 g);Biologische Kräuterteemischung im Pyramidenbeutel von Floragold mit frischem Orangengeschmack. Aus kontrolliert biologischem Anbau DE-ÖKO-005 EU/Nicht EU Landwirtschaft.;0329QRO6I76;05. Apr;6;29/03/2016 08:38:31 MEST;4;.;11;;;4030683015356;0;DEFAULT;;;
F80771;B01DK85H7E;FLORAGOLD Pyramidenbeutel Kräutertee Bio Insel der Harmonie, 1er Pack (1 x 45 g);Eine Bio Kräuterteemischung mit frischem Erdbeer-Ingwer-Geschmack im praktischen Pyramiden Teebeutel von Floragold. Bio Kräutertee aus kontrolliert biologischem Anbau DE-ÖKO-005 EU/Nicht EU Landwirtschaft.;0329QRMPKKO;05. Apr;10;29/03/2016 08:27:12 MEST;4;.;11;;;4030683015363;0;DEFAULT;;;
F80772;B01DBW4T00;FLORAGOLD Pyramidenbeutel Früchtetee Bio Waldkobold, 1er Pack (1 x 68 g);Ein natürlich aromatisierter Bio-Früchtetee mit Holunder-Himbeer-Geschmack. Aus kontrolliert biologischem Anbau DE-005 ÖKO-Kontrollstelle;0323Q6E0GIO;05. Apr;7;23/03/2016 11:32:42 MET;4;.;11;;;4030683015370;0;DEFAULT;;;
FC-7GQC-JGNJ;B075MDWP2J;Bio Creme Brulee - Grüner Tee (100g);;1203V7XBHAM;04. Sep;0;03/12/2019 12:47:18 MET;1;;11;;;B075MDWP2J;0;DEFAULT;;;
FEO-AK-01TEE;B0158Q1ISI;Feelino Matcha XXL Geschenk-Kollektion Kalender Adventskalender (Tee- und Snack Delikatessen aus Japan, Verschiedene Grüner Tee, Matcha Spezialitäten, Einsteiger-Set zum Probieren);;1018QEZ1WDO;48.5;0;18/10/2016 11:03:33 MEST;1;.;11;;;B0158Q1ISI;0;DEFAULT;;;
FEO-AK-02JAP;B015ADIPNA;Feelino Teeblumen Geschenk-Kollektion, Adventskalender, Kalender mit 24 verschiedenen Teerosen, einzeln verpackt, weißer Tee, grüner Tee, schwarzer Tee;;1018QF2O92C;49;0;18/10/2016 11:36:20 MEST;1;.;11;;;B015ADIPNA;0;DEFAULT;;;
GL-PP31-VQOU;B01DK7QR74;FLORAGOLD Pyramidenbeutel Kräutertee Bio Relaxing Herbs, 1er Pack (1 x 45 g);;1204V9XWNM1;05. Apr;0;04/12/2019 09:25:44 MET;1;;11;;;B01DK7QR74;0;DEFAULT;;;
GM10007;B00BS899D2;Gourmesso Lungo Arabica - 10 Nespresso kompatible Kaffeekapseln - Fairtrade;;0406S08IFQU;Feb 75;0;06/04/2017 10:06:50 MEST;1;;11;;;B00BS899D2;0;DEFAULT;;;
GV1076-Retail;B06XD8D9YS;Chai Tee Original India Spice - Retail Pack (6x61g) Celestial Seasonings Tee;Retail Pack mit 6 Packungen a 20 Teebeutel.Indisch feurig, voll und rund im Geschmack. Die sonnige Freundlichkeit Indiens in jeder Tasse Chai. Zutaten: Schwarzer Tee, Zimt, Ingwerwurzel, geröstete Zichorienwurzel, Nelken, Kardamom, natürliche Aromen, Muskatnuss, schwarzer Pfeffer, Sternanis und Vanilleschoten.;0302SLYK706;19. Sep;0;02/03/2017 13:39:59 MET;1;;11;;;B06XD8D9YS;0;DEFAULT;;;
GX-384H-A6KY;B07LFBDQTD;Cacao Especial No9 Madagaskar - Becks Cocoa 250g;Becks Cocoa Especial 9 - Bio Kakao aus Madagaskar. Zartbitter mit fruchtigen Noten ist sie federleicht und zergeht. Trotz eines sehr hohen Kakaoanteils von 92 Prozent schmeckt sie nicht bitter und sehr leicht und auch ehrlich schokoladig.;1217USIMJRW;19. Mai;0;17/12/2018 10:52:01 MET;4;;11;;;4016600113459;0;DEFAULT;;;
IF11056;B016IO11ZO;David Rio Red Panda Pumpkin Chai 398 g;;1215PINJS7U;11. Jan;0;15/12/2015 13:19:45 MET;1;;11;;;B016IO11ZO;0;DEFAULT;;;
JQ-INF3-BSKI;B01DK7YAT6;FLORAGOLD Pyramidenbeutel Kräutertee Bio Großmutters Kräuter, 1er Pack (1 x 45 g);;1203V7WKYXM;05. Apr;0;03/12/2019 12:44:46 MET;1;;11;;;B01DK7YAT6;0;DEFAULT;;;
JQ-Q0TU-QVLJ;B001OHSXPW;Celestial Seasonings Mandarin Orange Spice 54g;;1203V7T4EOG;Mrz 99;0;03/12/2019 11:56:01 MET;1;;11;;;B001OHSXPW;0;DEFAULT;;;
K9-AV9G-BU1N;B000H79PTI;Peugeot Nostalgie - 21 cm - Kaffeemühle;;0814UGTUZEK;132;0;14/08/2018 09:40:14 MEST;1;;11;;;B000H79PTI;0;DEFAULT;;;
KL-ASUB-0F7N;B07T5BL52G;"Simply Chai ""ohne Zucker"" BIO, 125g";;0618VNMEB8H;19. Sep;0;18/06/2019 11:54:25 MEST;4;;11;;;4260420840624;0;DEFAULT;;;
KN-3SOT-FADG;B081D1FCWN;Monbana Chocolate Powder Gewürzkuchen - Kakao Weihnachtsmischung 250g;Monbana Chocolate Powder Gingerbread ist ein Schokoladenpulver aus Frankreich mit feinstem Lebkuchengeschmack. Geliefert wird diese Trinkschokolade in einer schönen Metalldose. Zutaten: Zucker, Kakao (33 %), Aroma. Kann Spuren von Gluten, Eiern, Milch, Soja, Schalenfrüchten, Sellerie und Sulfiten enthalten.;1112VN8Z6T2;Jul 95;0;12/11/2019 13:01:39 MET;4;;11;;;3474340024243;0;DEFAULT;;;
KP1150021925;B01LX6TQ3D; Könitz Kaffeebecher 4er-Pack rot  Winter Glory Weihnachtsmotive;;0921Q9ESW46;19. Sep;0;21/09/2016 10:06:44 MEST;1;;11;;;B01LX6TQ3D;0;DEFAULT;;;
KP1151430872;B00QTYBTJM;Könitz Tea for You - Tea Collage;;0204SRSSEWI;16. Sep;0;04/02/2017 11:03:27 MET;1;;11;;;B00QTYBTJM;0;DEFAULT;;;
KP1151432135;B01MTUYE77;Könitz Tea for One, Porzellan, Mehrfarbig, 13.2 x 8.2 x 9.7 cm;;0204SRSYB20;16. Sep;0;04/02/2017 11:05:53 MET;1;;11;;;B01MTUYE77;0;DEFAULT;;;
KT117;B010671LDQ;Kabuse Shincha Classic Ernte 2019 - Grüner Keiko Tee;SHINCHA (bedeutet auf deutsch: „der neue Tee“). Das erste Grün des Frühlings: fluoreszierend grün. Durch einen geringeren Trocknungsgrad absolut frisch schmeckender und duftender Tee der Soshun-Klasse, der für Sie sofort nach der April-Ernte und der anschließenden Verarbeitung eingeflogen wird. Erhältlich bei Teaworld in den Qualitäten Shincha Classic, Shincha Yume und Shincha Yakushima. Voraussichtlich jedes Jahr ab Ende Mai in begrenzten Mengen lieferbar.;0622PDPJ24U;24. Sep;7;22/06/2015 16:08:53 MEST;3;;11;;;737069840499;0;DEFAULT;;;
KT120;B01068O8NU;Bio Shincha Yume Ernte 2019 - Keiko Tee;"SHINCHA (bedeutet auf deutsch: „der neue Tee“). Japanischer grüner Halbschatten-Tee. Dieser Grüntee ist eine feine Komposition der Varietäten Yume Kaori ""Traum Aroma"" und Yutaka Midori ""reiches grün"". Gepflückt im April macht dieser Traum -Shincha seinem Namen alle Ehre. Erhältlich bei Teaworld in den Qualitäten Shincha Classic, Shincha Yume und Shincha Yakushima. Voraussichtlich jedes Jahr ab Ende Mai in begrenzten Mengen lieferbar.";0622PDTR4WI;34;6;22/06/2015 16:55:38 MEST;3;;11;;;737069840505;0;DEFAULT;;;
KT121;B01068RN9Q;Bio Shincha Yakushima Ernte 2019 - Keiko Tee;SHINCHA (bedeutet auf deutsch: „der neue Tee“). Japanischer grüner Halbschatten-Tee Kabusecha. Dieser Grüntee stammt aus Yakushima, einer Insel im Süden der Präfektur Kagoshima die seit 1993 als UNESCO Weltnaturerbe gilt. Die Bio Teegärten der Familie Fujiwara liegen hier inmitten der üppigen unberührten Natur. Der Shincha Yakushima ist nur leicht gedämpft (Asamushi) und hat daher eine helle Tassenfarbe und ein angenehm mildes Aroma. Erhältlich bei Teaworld in den Tee-Qualitäten Shincha Classic, Shincha Yume und Shincha Yakushima. Voraussichtlich jedes Jahr ab Ende Mai in begrenzten Mengen lieferbar.;0622PDTXFI0;22. Sep;5;22/06/2015 16:58:38 MEST;3;;11;;;737069840512;0;DEFAULT;;;
KT156;B00TXH5A2E;Bio Kabuse Houjicha Grüner Tee geröstet - Keiko Green Tea;"Der hier von Teaworld angebotene Tee ist ein gerösteter &quot;Kabuse-cha&quot; aus der ersten Hauptpflückung im Mai. Der Tee hat ein kräftiges, frisches Röstaroma und enthält nur wenig Koffein. Houjicha (= gerösteter grüner Tee aus Japan) kann heiß und kalt getrunken werden und eignet sich hervorragend als Begleiter zu leckerem Essen. Ein wirklich besonderer Bio Grüntee für Kenner.";0223P391DX6;Aug 95;3;23/02/2015 17:16:43 MET;3;;11;;;612524280112;0;DEFAULT;;;
KT158;B00TXFABDO;Bio Benifuuki No.1 Grüner Tee - Keiko Green Tea;Zart anfermentierte erste Pflückung im Mai des wiederentdeckten Teestrauchs Benifuuki. Hellgrüne, klare Tasse mit exquisiter, edelbitterer Note und intensiv blumigen Duft der an feinen Oolongtee erinnert. Ein japanischer Bio Grüntee für Kenner.;0223P34I12C;14;8;23/02/2015 16:17:56 MET;3;;11;;;612524280099;0;DEFAULT;;;
KT160-200;B06XBWZ3KW;Aki Benifuuki 200g Grüner Bio Tee;Benifuuki ist eine in Japan neue kultivierte Teevarietät mit dem wissenschaftlichen Namen Camellia sinensis L. - Cultivar „Benifuuki“. Die Blätter von Benifuuki sind ungewöhnlich reich an einem besonderen Catechin und entwickeln einen wunderbaren Duft. Damit sich das Aroma, die Wirkstoffe und der feine blumige Duft richtig entfalten können, sollte Benifuuki relativ heiß, also mit etwa 80°C aufgegossen werden. Er darf dann ca. 90 Sekunden ziehen. Empfehlenswert sind drei Aufgüsse. Geschmacklich fällt, wie bei Artischocken, zunächst eine leichte, exquisite Bitternote auf. Je nach Dosiermenge, Wassertemperatur und Ziehzeit kann dieser Tee fein-mild, zartbitter oder vollbitter serviert werden. Der Aki-Benifuuki aus der Herbstpflückung macht hier eine kleine Ausnahme, er ist sehr viel milder im Geschmack und hat dennoch das charakteristisch blumige Aroma des Benifuuki. Die Herbstpflückung enthält außerdem deutlich weniger Koffein - so kann der Tee den ganzen Tag über bis zum Abend genossen werden.;0227S8IM2ZI;29. Sep;0;27/02/2017 14:11:02 MET;4;;11;;;4031322106633;0;DEFAULT;;;
KT169;B00TXI2YVI;Bio Grüner Eistee Easy ICE TEA - Teebeutel von KEIKO;Japanischer Grüntee aus der Region Kagoshima. Kabuse-Cha/Halbschattentee. Green Tea on the Rocks oder grüner Eistee, ein NathuSencha. Er wird kalt aufgegossen und entfaltet gerade dann seine schöne frischgrüne Farbe und seinen milden Geschmack. Eisgekühlt oder auch als Cocktail servieren. Die ideale Erfrischung für alle Gelegenheiten. Mit kaltem Wasser können Sie diesen Premiumgrüntee schnell als Eistee ganz frisch zubereiten. Die wertvollen Inhaltsstoffe des Grüntees bleiben so bestmöglich erhalten. Für bis zu 16 mal 1 Liter frischen Grüntee auf Eis. Wichtig ist, dass Sie den Teebeutel mit einem Löffel am Ende der Ziehzeit gut ausdrücken, damit sich alle Inhaltsstoffe des Tees gut im Wasser verteilen.;0223P3BM7MU;Okt 95;8;23/02/2015 17:54:23 MET;3;;11;;;612524280129;0;DEFAULT;;;
MESPFOR013;B0711BXP89;Forte - Speicherstadt Espressomischung 500g gemahlen;Dieser besondere Espressomischung besteht aus 60% Arabica- und 40% Robusta-Bohnen und eignet sich speziell für Siebträger und Kaffeefilter-Maschinen. HAUPTNOTE: Haselnuss NEBENNOTE: Bitterschokolade ABGANG: Süßholz, Walnuss SÄURE: 1/4 INTENSITÄT: 3/4 MUNDGEFÜHL: ölig, dicht LÄNDER: Brasilien, Indien, Guatemala;0503SI3NWX0;15. Sep;0;03/05/2017 10:07:24 MEST;4;;11;;;4251275304720;0;DEFAULT;;;
MG02921;B00V3GRXAU;Monbana Bio Fairtrade Chocolate Powder 100x20g Portionsbeutel;Vollmundige Bio-Trinkschokolade (32%) aus fairem Handel im praktischen Portionsbeutel. Die Trinkschokoladen von Monbana sind eine besondere Spezialität aus dem Hause des französischen Chocolatier. Der Kakaoanteil beträgt 32%. Die Kreationen aus französischer Schokolade sind von exklusiver Qualität und versprechen einen einzigartigen Genuss. Die Vielfalt exklusiver Schokoladeninnovationen hat einen wohlklingenden Namen: Monbana vereint Erfahrung und Kreativität zu einem unvergesslichen Geschmackserlebnis. Bereits seit drei Generationen steht Monbana stellvertretend für die Vielfalt und Kreativität französischer Schokoladenkompositionen und innovative Verpackungen auf höchstem Niveau. Das Geheimnis dieser traditionsreichen Kunst beginnt schon im Wissen um die perfekte Röstung und die fein abgestimmte Weiterverarbeitung der speziell ausgesuchten Kakaobohnen. So hat die Milchschokolade grundsätzlich einen gleich bleibenden Kakaoanteil von 32%, dunkle Schokolade von 70%. Das Pulver einfach mit heißer Milch aufgießen und umrühren. Ideal für die Gastronomie im 20g Portionsbeutel.;0323PI1KVHU;47.5;2;23/03/2015 14:27:37 MET;3;;11;;;612524280211;0;DEFAULT;;;
MG03141;B008D19QX0;Monbana Fairtrade Schokolade Dose 1Kg;;0323PHX689O;22. Aug;12;23/03/2015 14:04:48 MET;1;.;11;;;B008D19QX0;0;DEFAULT;;;
MG03564;B01M3O8BRV;Monbana LACTÉ Chocolate Powder für Vollautomaten;1000g rieselfähiges, wasserlösliches Schokoladenpulver für Vollautomaten. Schokoladenpulver 59%, davon 32% schwach entölter Kakao. Zutaten: 59% Schokoladenpulver (Zucker, mindestens 32% Kakao), 38,5% Magermilchpulver, LAKTOSE (MILCH), Trennmittel E551, Salz, Aroma. *Kann Spuren von Soja enthalten;1011QC9LI5U;16. Jun;0;11/10/2016 14:19:36 MEST;4;;11;;;3474340000292;0;DEFAULT;;;
MG04178;B005ZR97AM;Monbana Schokoladenpulver Tiramisu 250g Dose (32 prozent Kakao), 1er Pack (1 x 250 g);;0316PGMD30O;06. Mai;0;16/03/2015 11:36:00 MET;1;.;11;;;B005ZR97AM;0;DEFAULT;;;
MG06773;B01MUU2HAT;Monbana Flavoured Chocolate Powder CRANBERRY Trinkschokolade;Flavoured Chocolate Powder CRANBERRY Monbana. Die Trinkschokoladen von Monbana sind eine besondere Spezialität aus dem Hause des französischen Chocolatier. Der Kakaoanteil beträgt 32%. Durch die vielfältigen Geschmacksrichtungen ist für jeden Schokoladenliebhaber etwas dabei. Die Kreationen aus französischer Schokolade sind von exklusiver Qualität und versprechen einen einzigartigen Genuss. Monbana Trinkschokolade CRANBERRY - köstliches Schokoladengetränk mit Cranberrygeschmack, verpackt in einer schönen Metalldose (250g) mit geprägtem Muster. Das Pulver einfach mit heißer Milch aufgießen und umrühren.;0206SZ85F6I;06. Sep;0;06/02/2017 14:37:05 MET;4;;11;;;3474340020672;0;DEFAULT;;;
MG06774;B01N9ZV6OU;Flavoured Chocolate Powder CHERRY Monbana Trinkschokolade;Trinkschokoladen von Monbana mit Kirsch-Geschmack. Die Trinkschokoladen von Monbana sind eine besondere Spezialität aus dem Hause des französischen Chocolatier. Der Kakaoanteil beträgt 32%. Durch die vielfältigen Geschmacksrichtungen ist für jeden Schokoladenliebhaber etwas dabei. Die Kreationen aus französischer Schokolade sind von exklusiver Qualität und versprechen einen einzigartigen Genuss. Monbana Trinkschokolade Cherry - köstliches Schokoladengetränk mit Kirschgeschmack, verpackt in einer schönen Metalldose (250g) mit geprägtem Muster. Das Pulver einfach mit heißer Milch aufgießen und umrühren.;0206SZ5K570;06. Sep;0;06/02/2017 14:02:17 MET;4;;11;;;3474340020689;0;DEFAULT;;;
MO46001;B0196TPS2A;Teekanne Kyusu Himmelblau 550ml - traditionell japanische Einhandkanne;;1024Q8JDWQU;33.9;0;24/10/2016 17:48:40 MEST;1;.;11;;;B0196TPS2A;0;DEFAULT;;;
MO52200;B00P16XHGC;Matcha-Schale Komplett-Set RAFU von MAOCI;;0217PI3GZHC;29. Sep;0;17/02/2015 09:19:12 MET;1;.;11;;;B00P16XHGC;0;DEFAULT;;;
MO52204;B00P16XE1A;Matcha-Schale Komplett-Set YUUTO von MAOCI;;0217PI3OJG6;29. Sep;0;17/02/2015 09:22:23 MET;1;.;11;;;B00P16XE1A;0;DEFAULT;;;
MO52207;B00P16X5VY;Matcha-Schale Komplett-Set HARUKO von MAOCI;;0302PRZPKLC;29. Sep;0;02/03/2015 15:25:58 MET;1;.;11;;;B00P16X5VY;0;DEFAULT;;;
MO52209;B00P16X0LE;Matcha-Schale Komplett-Set SAYO von MAOCI;;0302PRZUJ40;29. Sep;0;02/03/2015 15:26:45 MET;1;.;11;;;B00P16X0LE;0;DEFAULT;;;
MO52210;B00P16X2CQ;Matcha-Schale Komplett-Set SORA von MAOCI;;0302PRZXUKU;29. Sep;0;02/03/2015 15:27:27 MET;1;.;11;;;B00P16X2CQ;0;DEFAULT;;;
MO52212;B00P16X5IW;Matcha-Schale Komplett-Set TAKA von MAOCI;;0217PI3F456;29. Sep;0;17/02/2015 09:18:34 MET;1;.;11;;;B00P16X5IW;0;DEFAULT;;;
MO52215;B00P16X2DK;Matcha-Schale Komplett-Set ANZU von MAOCI;;0302PS09B7U;29. Sep;0;02/03/2015 15:29:50 MET;1;.;11;;;B00P16X2DK;0;DEFAULT;;;
MO52217;B00P16XAKA;Matcha-Schale Komplett-Set YORI von MAOCI;;0217PI3CMF6;29. Sep;0;17/02/2015 09:17:53 MET;1;.;11;;;B00P16XAKA;0;DEFAULT;;;
MO55015;B004KEB3AS;Teekanne Arare 1,9 Liter kaminrot;;1103PUHMJOI;72.4;0;03/11/2015 13:44:59 MET;1;.;11;;;B004KEB3AS;0;DEFAULT;;;
MO55140;B004KECXJS;MAOCI Gusseisen Teekanne Arare 0,9 Liter schwarz;;0223P31Z9FC;44.9;0;23/02/2015 15:34:50 MET;1;.;11;;;B004KECXJS;0;DEFAULT;;;
MO60110;B00A9FD0LM;Glas Teacup Iruma 2er-Set gefrostet;;1024Q8QOZIC;15. Sep;0;24/10/2016 18:26:56 MEST;1;.;11;;;B00A9FD0LM;0;DEFAULT;;;
MO61100;B004LJ0A3I;Glas Cup Untersetzer Iruma 2er-Set;;1024Q8NGVXC;10. Mai;0;24/10/2016 18:09:53 MEST;1;.;11;;;B004LJ0A3I;0;DEFAULT;;;
MO62100;B008MM17E6;Japanisches Teacup Geschenkset;;1229QDDSULC;24. Sep;0;29/12/2016 17:08:43 MET;1;;11;;;B008MM17E6;0;DEFAULT;;;
MO62114;B00LGIAH3A;Glas Teacup Iruma 2er-Set blau;;1024Q8QOWQC;13. Sep;0;24/10/2016 18:26:55 MEST;1;.;11;;;B00LGIAH3A;0;DEFAULT;;;
MO62116;B00LGIAEL0;Glas Teacup Iruma 2er-Set rot;;1024Q8QP0HC;13. Sep;0;24/10/2016 18:26:56 MEST;1;.;11;;;B00LGIAEL0;0;DEFAULT;;;
MO62245;B00SY4GQO8;Teebecher Geschenkset;;1103PUJJ0B6;24. Sep;0;03/11/2015 14:02:20 MET;1;.;11;;;B00SY4GQO8;0;DEFAULT;;;
MO62250;B00DBUNSUK;Japanisches Teebecher Geschenkset;;1229QDCU91C;24. Sep;0;29/12/2016 16:59:14 MET;1;;11;;;B00DBUNSUK;0;DEFAULT;;;
MO63004;B00YRSBALE;Matcha-Schale 400ml Marmorweiß Geschenkbox;;1103PUIP5DO;19. Sep;0;03/11/2015 13:55:44 MET;1;.;11;;;B00YRSBALE;0;DEFAULT;;;
MO63006;B00YRSB6VI;Matcha-Schale 400ml Moosgrün Geschenkbox;;1103PUIXFO0;19. Sep;0;03/11/2015 13:57:17 MET;1;.;11;;;B00YRSB6VI;0;DEFAULT;;;
MO63670;B00D8ZBW74;Matcha-Schale 400ml Geschenkbox;;1220Q36U950;19. Sep;0;20/12/2016 11:31:44 MET;1;;11;;;B00D8ZBW74;0;DEFAULT;;;
MO68650;B005OYEAT4;Matcha-Besen-Halter rot;;1220Q35ZW76;09. Jan;0;20/12/2016 11:23:17 MET;1;;11;;;B005OYEAT4;0;DEFAULT;;;
MO69110;B00KIMIIDQ;Teebecher Geschenkset;;0217PIJGK0I;24. Sep;0;17/02/2015 12:36:01 MET;1;.;11;;;B00KIMIIDQ;0;DEFAULT;;;
PPGK01;B00Q2TYOSM;8 Sorten Grüner Tee klassisch Probierpaket;8 Sorten Grüntee klassisch. In diesem Grüntee Probierpaket sind 8 klassische Grüntee Sorten (6x50g + 2x3 Premium Pyramidenteebeutel) enthalten. Lassen Sie sich überraschen von der leckeren Vielfalt und bestellen noch heute Ihr klassischen Grüntee-Probierpaket. Das Probierpaket wird in einer versiegelten Präsentbox geliefert. Ideal auch zum verschenken. Tee bestellen ganz leicht gemacht. Folgende klassischen Grünteesorten sind in diesem Probierpaket enthalten: Sencha Satsuma, Gabalong, Lung Ching, Bio Bancha, Bio Gunpowder, Red Pinky aus Sri Lanka, Japan Sencha und Wu-Lu Nebeltee. (Die Tasse auf der Foto ist nicht im Lieferumfang enthalten).;1124OLJJYDI;22. Mai;0;24/11/2014 14:02:10 MET;3;.;11;;;612524229555;0;DEFAULT;;;
PPK01;B00N2TNHEM;8x50g Kräutertee Probierpaket - Tee kaufen leicht gemacht;8x50g Kräutertee. In diesem Kräutertee Probierpaket sind 8 der aktuellen und beliebtesten Kräuter Teesorten mit jeweils 50g Kräutertee enthalten. Lassen Sie sich überraschen von der leckeren Vielfalt und bestellen noch heute Ihr Probierpaket. Das Probierpaket wird in einer versiegelten Präsentbox geliefert. (Die Tasse auf dem Foto ist nicht im Lieferumfang enthalten).;0827O8W8E2C;18. Sep;0;27/08/2014 13:59:29 MEST;3;.;11;;;612524229548;0;DEFAULT;;;
PPMT01-TEAWORLD;B00NEOPZK4;8x50g Mate Tee Probierpaket - Tee kaufen leicht gemacht;Dieses Probierpaket enthält die 8 beliebtesten und aktuellsten Matetee Sorten a 50g. Das Probierpaket wird in einer versiegelten Präsentbox geliefert. (Die Tasse auf dem Foto ist nicht im Lieferumfang enthalten). Was ist denn genau Mate Tee ? Der immergrüne Matestrauch wird in den Urwäldern Südamerikas bis zu 15m hoch. Für den Anbau lässt man ihn aber nur ca. 5m in die Höhe wachsen. Die Blätter werden in einem Ofen getrocknet und anschließend zerkleinert. Bei gerösteter Mate lässt man die Blätter fermentieren und röstet sie anschließend. die Farbe des Tees ist dunkel und schmeckt etwas rauchig und würzig, Mate enthält Koffein, allerdings weniger als schwarzer oder grüner Tee. Mate enthält viele Vitamine. Füllen Sie den heißen Mate Tee in eine Thermoskanne, und trinken Sie ihn über den ganzen Tag verteilt. Zum Trinken benutzt man in der Regel eine Bombilla, ein Trinkrohr (Trinkhalm) aus Metall, das am unteren Ende ein Sieb hat. Das gitterartige Sieb verhindert das Ansaugen von Teepartikeln beim Trinken.;0908O7ZEAY0;15. Sep;0;08/09/2014 16:09:59 MEST;3;.;11;;;612524229586;0;DEFAULT;;;
PPOT01;B013IDDEYO;8x50g Oolong Tee Probierpaket - Tee kaufen leicht gemacht;8x50g Oolong Tee Probierpaket. In diesem Oolong Tee Probierpaket sind 8 halbfermentierte Teesorten (4 klassische und 4 aromatisierte) mit jeweils 50g Tee enthalten (Sorten: Bio Oolong, Bio White Downy, China Milky Oolong, Tin Kuan Yin Oolong, Oolong Beerenhexe, Oolong Gojibeere-Pfirsich, Oolong Blüte von Taiwan, Diamond Oolong). Lassen Sie sich überraschen von der leckeren Vielfalt und bestellen noch heute Ihr Oolong Tee Probierpaket in unserem Tee Shop. Das Probierpaket wird in einer versiegelten Präsentbox geliefert. (Die Tasse auf dem Foto ist nicht im Lieferumfang enthalten).;0806P5N1AXO;25. Jun;0;06/08/2015 15:32:39 MEST;3;.;11;;;737069840543;0;DEFAULT;;;
PPPB02;B01CEF1Z7U;33 Pyramiden-Teebeutel Grüner und Schwarztee klassisch Probierset;11x3 verschiedene, klassische, einzeln verschweißte Premium Pyramiden-Teebeutel. Auch als Geschenk für Teeliebhaber eignet sich dieses Probierpaket ideal - Sie bestellen und wir verschicken es in Ihrem Auftrag an Ihren Geschenkempfänger. In jedem Probierpaket sind Grüne Tees und schwarze Teesorten in feinster Qualität enthalten. (Die Tassen auf dem Foto sind nicht im Lieferumfang enthalten). Folgende Teesorten sind in diesem Probierset enthalten: Grüner Tee: Bio Nebeltee, Bio Japan Sencha, China Special Gunpowder Temple of Heaven, Japan Sencha Fukujyu. Schwarzer Tee: Darjeeling Royal Garden, Assam Mokalbari, Ostfriesen Golden & Malty, Ostfriesen Blattmischung, English Breakfast Tea, Darjeeling Margarets Hope, Ceylon OP Highgrown.;0301QMCF9FI;14. Sep;0;01/03/2016 12:08:18 MET;3;;11;;;737069840604;0;DEFAULT;;;
PPW01;B00Q2UXDS8;4x50g Weißer Tee Probierpaket - Tee kaufen leicht gemacht;4x50g Weisser Tee. In diesem Weisser Tee (aromatisiert) Probierpaket sind 4 Tees mit jeweils 50g Tee aus den beliebtesten und aktuellsten weißen Teesorten enthalten. Lassen Sie sich überraschen von der leckeren Vielfalt und bestellen noch heute Ihr Probierpaket. Das Probierpaket wird in einer versiegelten Präsentbox geliefert. (Die Tasse auf dem Foto ist nicht im Lieferumfang enthalten).;1124OLLG0NI;11. Sep;0;24/11/2014 14:28:59 MET;3;.;11;;;612524229487;0;DEFAULT;;;
R0-WI72-3ABJ;B07SGBW8R5;Simply Chai Bio Spicy, 250g, 1er Pack;;1030VRA65ZZ;12. Sep;0;30/10/2019 09:51:32 MET;1;;11;;;B07SGBW8R5;0;DEFAULT;;;
RF01;B001WMJ4AW;Manuka-Honig (Teebaum), Neuseeland, dunkel, flüssig, kräuterartig kräftig, 500g;;1110PM8TDEI;29. Sep;0;10/11/2015 17:28:07 MET;1;;11;;;B001WMJ4AW;0;DEFAULT;;;
RF070;B004EXRF9I;Pampas BIO Honig, Argentinischer Steppen Honig, wiesenblüten, Disteln, mild, feincremig, 500g;;0522NCZH8LU;06. Aug;0;22/05/2013 10:05:47 MEST;1;;11;;;B004EXRF9I;0;DEFAULT;;;
RF6;B004EXPANG;Urwald Honig, Regenwald Guatemalas, lieblich aromatisch, 500g;;0509MOZKEXC;07. Mai;11;09/05/2012 12:26:23 MEST;1;;11;;;B004EXPANG;0;DEFAULT;;;
RI-3IEV-WBEN;B075MFPV6Q;Bio Creme Brulee - Grüner Tee (500g);;1203V7WTV7Z;21. Sep;0;03/12/2019 12:46:42 MET;1;;11;;;B075MFPV6Q;0;DEFAULT;;;
S8-HERK-1UVT;B00V3GRXAU;Monbana Bio Fairtrade Chocolate Powder 100x20g Portionsbeutel;;1203V7WE19D;47.46;0;03/12/2019 12:32:00 MET;1;;11;;;B00V3GRXAU;0;DEFAULT;;;
SA2015;B017J2QYUG;Becks Cocoa Trinkschokolade cocoadvent XL Adventskalender 590 g;Trinkschokoladenfreunde aufgepasst! Jetzt haben für euch oder eure Lieben auch einen Kakao Adventskalender: Der Kakao-Adventskalender ist befüllt mit 24 edlen Trinkschokoladen von Becks Cocoa (2x 12 verschiedene Sorten Kakao) in einzeln verschweißten Beuteln für je eine große Tasse. Maße 45cm x 45cm x 5cm - Der Kakao-Adventskalender eignet sich zum aufhängen oder zum aufstellen. Inhalt: 590 Gramm feinste Trinkschokolade mit folgenden Sorten: 2x Criollo - mit 100% reinem Kakao (100 % Kakao, schwach entölt) 2x Nude - mit Vanille aus Sansibar (50 % Kakao, schwach entölt, Zucker, Meersalz, Bourbonvanille) 2x Drachenherz - mit Bergamotte (50 % Kakao, Zucker, Meersalz, Ginseng, natürliches Bergamotteöl) 2x A Chockwork Orange - mit marokkanische Orange (50 % Kakao, schwach entölt, Zucker, Meersalz, Essenzen und Gewürze) 2x Dr. No - mit Lakritz (Bio Kakao, Bio Rohrzucker, Bio Lakrits (3,1%), Meersalz, enthält Süßholz, Frei von Emulgatoren, Kakao und Rohrzucker nach Fairtrade Standards gehandelt, Gesamtanteil 96% Kakao. 2x Dschindscha - mit Ingwer aus Ceylon (50 % Kakao, schwach entölt, Zucker, Meersalz, Ingwer, Kardamom) 2x Hot Winter - mit Spezereien (50 % Kakao, schwach entölt, Zucker, Meersalz, Gewürze (Zimt, Nelken, Kardamom, Piment, Muskat, Chilli, Koriander, Anis, Macis) 2x As I went out walking - mit Lavendel (50 % Kakao, schwach entölt, Zucker, Meersalz, Essenzen und Gewürze) 2x Amydala - mit Marzipan (50 % Kakao, Zucker, Meersalz, natürliches Mandelaroma) 2x Sinnerman - mit Zimt (Bio Kakao, Bio Rohrohrzucker, Bio Zimt (1,4%) Meersalz, Bio Kardamom) 2x Before Nine - mit Minze (50 % Kakao, schwach entölt, Zucker, Meersalz, Minze) 2x Chill Bill - mit Chilli (50 % Kakao, schwach entölt, Zucker, Meersalz, Essenzen und Gewürze);1124SKP26M6;44.9;0;24/11/2017 12:54:18 MET;1;;11;;;B017J2QYUG;0;DEFAULT;;;
SHNDAPR002;B06X8YXJ6Z;Honduras Aprolma - Speicherstadt Kaffee 250g in Bohnen;Dieser besondere Honduras Kaffee aus der Region Marcala besteht aus 100% Arabica-Bohnen und eignet sich speziell für Siebträgermaschinen und Vollautomaten. Die Anbauhöhe der Plantagen liegt bei 1.450m - 1.550m. HAUPTNOTE: Walnuss NEBENNOTE: grüner Apfel ABGANG: Zartbitterschokolade, Tabak SÄURE: 2/4 INTENSITÄT: 2/4 MUNDGEFÜHL: dicht LÄNDER: Honduras;0213S0E3SU0;10. Sep;0;13/02/2017 12:57:11 MET;4;;11;;;4251275300012;0;DEFAULT;;;
SHNDAPR013;B071DV6K6V;Honduras Aprolma - Speicherstadt Kaffee 500g gemahlen;Dieser besondere Honduras Kaffee aus der Region Marcala besteht aus 100% Arabica-Kaffee und ist bereits fertig gemahlen. Die Anbauhöhe der Plantagen liegt bei 1.450m - 1.550m. HAUPTNOTE: Walnuss NEBENNOTE: grüner Apfel ABGANG: Zartbitterschokolade, Tabak SÄURE: 2/4 INTENSITÄT: 2/4 MUNDGEFÜHL: dicht LÄNDER: Honduras;0503SHX7U3O;19. Sep;0;03/05/2017 09:36:49 MEST;4;;11;;;4251275300128;0;DEFAULT;;;
SQ-HU01-A5FS;B07GZP9QH6;Tee-Adventskalender himmlische Teegenüsse;Tee-Adventskalender - 24 himmlische Teegenüsse Verpackung mit stimmungsvollem Wintermotiv! Dieser exklusive Tee-Adventskalender enthält 24 lose Teespezialitäten in 24 verschiedenen köstlichen Geschmacksrichtungen. Maße 424x423x66mm, Inhalt gesamt 68,4g Tee. Eine Portion jeweils für einen großen Henkelbecher (ca. 0,3 L) ausreichend. enthält folgende Teesorten: Vanillekipferl, Das zauberhafte Dream-Team Biotee, Sweet Curcuma, Crème Brûlée, Gebrannte Mandel, Jul Glogg, Sinnliche Zeit, Weihnachtsfrüchtetee, Der magische Lord Grey, Agatha´s Bester Bratapfel, Wintertraum, Zimtstern, Glühweingewürz, ClariTea Fühl dich wach, Kaminfeuer, Der fröhliche Granatino Biotee, Heißer Zimtapfel, Der tollkühne Mr. Kurkuma, Irish Cream, Der furchtlose Fruchtschlucker, Lakramell, Gebrannte Mandel, Happy Chai, Weihnachtstee;0831UBZ6BOM;29.95;0;31/08/2018 11:20:26 MEST;4;;11;;;4003203209207;0;DEFAULT;;;
TWFlug2016;B01F1XGD06;Darjeeling Flugtee first flush Ernte 2019 Probierset 6x50g;Für Flugtee Einsteiger das ideale Tee Probierset. 6x50g schwarzer Darjeeling Tee aus der aktuellen Ernte 2019 ganz frisch eingeflogen und nur in geringen Mengen verfügbar. Im Probierset sind folgende Darjeeling Flugtee Plantagensorten enthalten: Darjeeling GIELLE DJ1, Darjeeling Hillton DJ5, Bio Darjeeling Steinthal EX1, Bio Darjeeling Victorias Peek DJ1, Bio Darjeeling SNOWVIEW DJ2, Bio Darjeeling Shree-Dwarika DJ2.. Was ist ein Darjeeling Flugtee ? Das frische, unvergleichlich zart-,süßlich und aromatische Aroma von einem frischen Darjeeling first flush (erste Pflückung) unmittelbar nach der Ernte und Verarbeitung zuhause genießen - Hiefür kaufen wir jedes Jahr für Sie die feinsten und frischen Darjeeling first flush Sorten aus den besten Plantagen und lassen diese per Flugzeug einfliegen da die regulären Ernten mehrere Monate benötigen bis Sie im Handel in Deutschland erhältlich sind. So haben Sie schon wenige Tage später das unglaublich blumig und spritzige Darjeeling Tee Flavour in Ihrer Tasse. Die Darjeeling Flugtee Periode dauert jedes Jahr nur wenige Wochen und die Verfügbarkeit ist daher stark begrenzt.;0502QFMW6JU;57.5;0;02/05/2016 11:34:37 MEST;3;.;11;;;737069840611;0;DEFAULT;;;
V10160;B00114V6BQ;Trendglas Jena Teekanne Miko im klassischen Design mit Glassieb, 2 L;;1120SZYGMRI;35;0;20/11/2017 18:15:12 MET;1;;11;;;B00114V6BQ;0;DEFAULT;;;
V10163100;B007VM8DC2;Birnengarten Früchte Tee 100g;;1120SZV1B40;04. Apr;0;20/11/2017 17:31:02 MET;1;;11;;;B007VM8DC2;0;DEFAULT;;;
V104151KG;B077MPF9X4;Buddhas kleines Geheimnis Weißer Tee (1000g);BUDDHAS KLEINES GEHEIMNIS Teemischung mit weißen Hibiskusknospen, aromatisiert Beschreibung mit Pfirsich-Jasmin-Geschmack Zutaten: Weißer Tee China Mao Feng, grüner Tee China -Guangxi, Jasmin Pearls(5%), Aroma, weiße Hibiskusknospen(3%);1120SZSB62U;42.5;0;20/11/2017 17:03:06 MET;3;;11;;;737069841175;0;DEFAULT;;;
V10778;B00BR1KJL6;Gourmesso Ethiopia Blend Forte - 10 Nespresso Compatible Coffee Capsules - Fair Trade | High Intensity;;0926SFIDZ50;Feb 85;0;26/09/2017 14:01:43 MEST;1;;11;;;B00BR1KJL6;0;DEFAULT;;;
V10915;B07HWPBN3X;"Florapharm, Tee-Advent-Kalender,""Weihnachtsmarkt""";;1005UCW5LX0;21. Sep;0;05/10/2018 11:26:38 MEST;1;;11;;;B07HWPBN3X;0;DEFAULT;;;
V11335;B01DT8K4VE;Becks Cocoa Trinkschokolade Bio Fairtrade Cacao Especial No7 Peru 250 g;;1217USH2I73;09. Sep;0;17/12/2018 10:40:46 MET;1;;11;;;B01DT8K4VE;0;DEFAULT;;;
V11521;B01M13BJ69;Tee Adventskalender 2018 BIO - 24 Teebeutel - mit BIO Tee;;1105UERPL28;26. Sep;0;05/11/2018 12:23:04 MET;1;;11;;;B01M13BJ69;0;DEFAULT;;;
V11522;B01M13A6W7;"Tee-Adventskalender 2018 ""Premium""";;0829U8J476G;16. Sep;0;29/08/2018 10:47:11 MEST;1;;11;;;B01M13A6W7;0;DEFAULT;;;
V11748;B00JRLQQJC;Gourmesso Soffio Mandorla - 10 Nespresso kompatible Kaffeekapseln;;0807SBDZAWC;02. Aug;0;07/08/2017 12:25:11 MEST;1;;11;;;B00JRLQQJC;0;DEFAULT;;;
V11752;B06X1FD632;MAOCI To-Go Thermosflasche Bambus-Design 350ml mit Edelstahl-Teesieb;;0807SBE3KKU;23. Sep;0;07/08/2017 12:29:07 MEST;1;;11;;;B06X1FD632;0;DEFAULT;;;
V11753;B06WLQGJFK;MAOCI To-Go Thermosflasche Bambus-Design 500ml mit Edelstahl-Teesieb;;0807SBE5T86;24. Sep;0;07/08/2017 12:30:06 MEST;1;;11;;;B06WLQGJFK;0;DEFAULT;;;
V11775;B0718W53QG;Waechtersbach 4er Geschenkset Becher - My Colour is Blue!;;0907SN2QPAI;24. Sep;0;07/09/2017 12:25:55 MEST;1;;11;;;B0718W53QG;0;DEFAULT;;;
V11776;B072NYPV2Z;Waechtersbach 4er Geschenkset Teller - My Colour is Blue!;;0907SN2RXO0;29. Sep;0;07/09/2017 12:27:05 MEST;1;;11;;;B072NYPV2Z;0;DEFAULT;;;
V11777;B072NYPV2Y;Waechtersbach 4er Geschenkset Müsli - My Colour is Blue!;;0907SN2TJK6;29. Sep;0;07/09/2017 12:27:52 MEST;1;;11;;;B072NYPV2Y;0;DEFAULT;;;
V11778100;B075MDWP2J;Bio Creme Brulee - Grüner Tee (100g);Grüner Bio Tee mit feinem Creme-Brulee Geschmack. Aus kontrolliert biologischem Anbau DE-001 ÖKO;0914SM04336;04. Sep;0;14/09/2017 13:38:15 MEST;3;;11;;;737069840918;0;DEFAULT;;;
V117781KG;B075MDD98D;Bio Creme Brulee - Grüner Tee (1000g);Grüner Bio Tee mit feinem Creme-Brulee Geschmack. Aus kontrolliert biologischem Anbau DE-001 ÖKO;0914SM043CC;42.5;1;14/09/2017 13:38:14 MEST;3;;11;;;737069840949;0;DEFAULT;;;
V11778250;B075MDC3WJ;Bio Creme Brulee - Grüner Tee (250g);Grüner Bio Tee mit feinem Creme-Brulee Geschmack. Aus kontrolliert biologischem Anbau DE-001 ÖKO;0914SM043KO;11. Mai;7;14/09/2017 13:38:14 MEST;3;;11;;;737069840925;0;DEFAULT;;;
V11778500;B075MFPV6Q;Bio Creme Brulee - Grüner Tee (500g);Grüner Bio Tee mit feinem Creme-Brulee Geschmack. Aus kontrolliert biologischem Anbau DE-001 ÖKO;0914SM043N6;21. Sep;3;14/09/2017 13:38:14 MEST;3;;11;;;737069840932;0;DEFAULT;;;
V11780100;B075R7JF7L;Holunder Zimt natürlich mit Moringa - Kräuter-Früchteteemischung (100g);"Kräuter- Früchteteemischung, aromatisiert mit Holunder-Zimt-Geschmack und Moringa. Was ist Moringa? Die Moringa oleifera, auch Meerettichbaum, Drumstickbaum oder Wunderbaum genannt, ist ein aus dem Himalaya stammender und inzwischen in über 80 Ländern verbreiteter und intensiv genutzter Baum. Moringa-Blätter werden in der lokalen traditionellen Medizin in Indien, Sri Lanka, Indonesien und Afrika sehr geschätzt. In seiner Heimat, dem Himalaya wird Moringa oleifera ""Baum des Lebens"" genannt. In vielen Studien wurden inzwischen seine vielfältigen Wirkungen untersucht und belegt. Die Anzahl an Vitaminen, Mineralien, Aminosäuren, Antioxidantien und wichtigen Spurenelementen, erstaunt nicht nur Fachleute.";0919S7E69MO;04. Sep;0;19/09/2017 11:19:26 MEST;3;;11;;;737069840994;0;DEFAULT;;;
V117801KG;B075R7JKCN;Holunder Zimt natürlich mit Moringa - Kräuter-Früchteteemischung (1000g);"Kräuter- Früchteteemischung, aromatisiert mit Holunder-Zimt-Geschmack und Moringa. Was ist Moringa? Die Moringa oleifera, auch Meerettichbaum, Drumstickbaum oder Wunderbaum genannt, ist ein aus dem Himalaya stammender und inzwischen in über 80 Ländern verbreiteter und intensiv genutzter Baum. Moringa-Blätter werden in der lokalen traditionellen Medizin in Indien, Sri Lanka, Indonesien und Afrika sehr geschätzt. In seiner Heimat, dem Himalaya wird Moringa oleifera ""Baum des Lebens"" genannt. In vielen Studien wurden inzwischen seine vielfältigen Wirkungen untersucht und belegt. Die Anzahl an Vitaminen, Mineralien, Aminosäuren, Antioxidantien und wichtigen Spurenelementen, erstaunt nicht nur Fachleute.";0919S7E69P6;42.5;0;19/09/2017 11:19:26 MEST;3;;11;;;737069841021;0;DEFAULT;;;
V11780250;B075R6YNYC;Holunder Zimt natürlich mit Moringa - Kräuter-Früchteteemischung (250g);"Kräuter- Früchteteemischung, aromatisiert mit Holunder-Zimt-Geschmack und Moringa. Was ist Moringa? Die Moringa oleifera, auch Meerettichbaum, Drumstickbaum oder Wunderbaum genannt, ist ein aus dem Himalaya stammender und inzwischen in über 80 Ländern verbreiteter und intensiv genutzter Baum. Moringa-Blätter werden in der lokalen traditionellen Medizin in Indien, Sri Lanka, Indonesien und Afrika sehr geschätzt. In seiner Heimat, dem Himalaya wird Moringa oleifera ""Baum des Lebens"" genannt. In vielen Studien wurden inzwischen seine vielfältigen Wirkungen untersucht und belegt. Die Anzahl an Vitaminen, Mineralien, Aminosäuren, Antioxidantien und wichtigen Spurenelementen, erstaunt nicht nur Fachleute.";0919S7E69CO;11. Mai;0;19/09/2017 11:19:25 MEST;3;;11;;;737069841007;0;DEFAULT;;;
V11780500;B075R79WZZ;Holunder Zimt natürlich mit Moringa - Kräuter-Früchteteemischung (500g);"Kräuter- Früchteteemischung, aromatisiert mit Holunder-Zimt-Geschmack und Moringa. Was ist Moringa? Die Moringa oleifera, auch Meerettichbaum, Drumstickbaum oder Wunderbaum genannt, ist ein aus dem Himalaya stammender und inzwischen in über 80 Ländern verbreiteter und intensiv genutzter Baum. Moringa-Blätter werden in der lokalen traditionellen Medizin in Indien, Sri Lanka, Indonesien und Afrika sehr geschätzt. In seiner Heimat, dem Himalaya wird Moringa oleifera ""Baum des Lebens"" genannt. In vielen Studien wurden inzwischen seine vielfältigen Wirkungen untersucht und belegt. Die Anzahl an Vitaminen, Mineralien, Aminosäuren, Antioxidantien und wichtigen Spurenelementen, erstaunt nicht nur Fachleute.";0919S7E69B0;21. Sep;0;19/09/2017 11:19:25 MEST;3;;11;;;737069841014;0;DEFAULT;;;
V11781;B00A48D5RI;bloomix Teeglas Tunis 400 ml, doppelwandige Thermo-Teegläser, 2er-Set;;0919S7SPTDU;23. Sep;0;19/09/2017 13:39:35 MEST;1;;11;;;B00A48D5RI;0;DEFAULT;;;
V11784;B00LWWN05C;bloomix Teeglas Tetouan 400 ml, doppelwandige Thermo-Teegläser, 2er-Set;;0921SJ67GCC;23. Sep;0;21/09/2017 11:15:01 MEST;1;;11;;;B00LWWN05C;0;DEFAULT;;;
V11787;B075XJBFLN;bloomix Teekanne Aronia 700 ml, doppelwandige Thermo-Teekanne;;0926SEPMWD0;54.9;0;26/09/2017 09:53:40 MEST;4;;11;;;9120036782082;0;DEFAULT;;;
V11791;B00A3NGVWA;bloomix Roma Espresso 80 ml, doppelwandige Thermo-Kaffeegläser im 2er-Set;;0926SFPQIFC;16. Sep;0;26/09/2017 14:51:16 MEST;1;;11;;;B00A3NGVWA;0;DEFAULT;;;
V11792;B00HT9VICY;bloomix Milano Latte Macchiato Grande 350 ml, doppelwandige Thermo-Kaffeegläser im 2er-Set;;0926SFSA8E6;21. Sep;0;26/09/2017 15:01:08 MEST;1;;11;;;B00HT9VICY;0;DEFAULT;;;
V11793;B07653Y7L7;Bio Keiko Matcha Cook & Mix 50g;Bio Matcha Blends for Cook & Mix. Die ideale Mischung aus mildem, voll beschattetem Matcha Pulver und aromatischem Halbschatten-Teepulver (Kabuse-Pulver) aus Japan zum Backen, Kochen und Mixen.;1004SJ5ES36;14.95;7;04/10/2017 10:11:32 MEST;4;;11;;;4031322106244;0;DEFAULT;;;
V11794;B07653BN91;Matcha Magic Mulberry von KEIKO 50g;Matcha Magic Mulberry. Echter Japan Matcha mit der angenehm leichten, natürlichen Süße aus Maulbeerblättern. Ideal für einen koffeinarmen Matcha oder einen Matcha Latte;1004SJMUWNO;17. Mai;0;04/10/2017 11:36:09 MEST;4;;11;;;4031322106299;0;DEFAULT;;;
V11795;B01F5YKCV2;DRIPSTER Cold Brew Dripper (600ml), Kaffeemaschine, Cold Drip Coffee Maker für kaltgebrühten Kaffee und Tee;;1004SJK8HF6;53.9;0;04/10/2017 11:30:17 MEST;1;;11;;;B01F5YKCV2;0;DEFAULT;;;
V11796;B01ALVRE88;Colourfly Thermo-Glas 6-er Set, doppelwandiges Tee-Glas, Latte Macchiato Glas, Thermobecher-Schmetterling, 250 ml, 2x blau/rot/grün;;1010SAN8YY0;59.9;0;10/10/2017 09:38:34 MEST;1;;11;;;B01ALVRE88;0;DEFAULT;;;
V11797;B01ALVRFVE;Creano doppelwandige Gläser Hummi, Latte Macchiato, Thermoglas mit Kolibri im 6-er Set, 250 ml, in den Farben blau, rot, grün, orange, lila, gelb Thermogläser;;1010SB5KBW0;59.9;0;10/10/2017 10:32:58 MEST;1;;11;;;B01ALVRFVE;0;DEFAULT;;;
V11798;B01ALXQOJG;Creano Thermo-Glas Hummi, doppelwandiges Tee-Glas, Latte Macchiato, Thermobecher Kolibri | 250 ml in exklusiver Geschenkbox, orange;;1010SB5MIDU;12. Sep;0;10/10/2017 10:34:15 MEST;1;;11;;;B01ALXQOJG;0;DEFAULT;;;
V11799;B01ALXQOVY;Creano Thermo-Glas Hummi, doppelwandiges Tee-Glas, Latte Macchiato, Thermobecher Kolibri | 250ml in exklusiver Geschenkbox, gelb;;1010SB5PD50;12. Sep;0;10/10/2017 10:35:53 MEST;1;;11;;;B01ALXQOVY;0;DEFAULT;;;
V11800;B01ALXQOY6;Creano Thermo-Glas Hummi, doppelwandiges Tee-Glas, Latte Macchiato, Thermobecher Kolibri | 250 ml in exklusiver Geschenkbox, lila;;1010SB78EJU;12. Sep;0;10/10/2017 10:45:25 MEST;1;;11;;;B01ALXQOY6;0;DEFAULT;;;
V11825100;B078RLSKBL;Schlechtwettertee mit Anis-Note aromatisiert - Kräutertee (100g);"Der wohlig warme Sommer verabschiedet sich meist rapide und wird abgelöst durch dunkle Wolken, die uns einen regnerischen und stürmischen Tag ankündigen. An solch einem ""Schlechtwetter-Tag"" sehnt man sich nach etwas, das einen aufwärmt. Unser ""Klassiker"", eine wunderbar erlesene Mischung aus verschiedenen Kräutern, lässt von den vergangenen Sommertagen träumen. Der milde, leicht süßliche Geschmack dieser Komposition wird Ihren Gaumen mit einer markanten Fenchel-Anis-Note verwöhnen und erfährt somit einen beispielhaften Hochgenuss. Zutaten: Himbeerblätter, Hagebuttenschalen, Anis, Apfelstücke, Fenchel, Brombeerblätter, Walderdbeerblätter, Pfefferminze, Ringelblumenblüten, Spitzwegerich, Holunderblüten, Melisse, Sonnenblumenblüten, Pfingstrosenblüten, Wollblumenblüten, Aroma.";0102UV66KYO;03. Jul;0;02/01/2018 10:40:14 MET;3;;11;;;737069841281;0;DEFAULT;;;
V118251KG;B00FGQJMW0;aromatisierte Kräutertee-Mischung - SCHLECHTWETTERTEE - Anis-Note - 1kg - Tee;"Der wohlig warme Sommer verabschiedet sich meist rapide und wird abgelöst durch dunkle Wolken, die uns einen regnerischen und stürmischen Tag ankündigen. An solch einem ""Schlechtwetter-Tag"" sehnt man sich nach etwas, das einen aufwärmt. Unser ""Klassiker"", eine wunderbar erlesene Mischung aus verschiedenen Kräutern, lässt von den vergangenen Sommertagen träumen. Der milde, leicht süßliche Geschmack dieser Komposition wird Ihren Gaumen mit einer markanten Fenchel-Anis-Note verwöhnen und erfährt somit einen beispielhaften Hochgenuss. Zutaten: Himbeerblätter, Hagebuttenschalen, Anis, Apfelstücke, Fenchel, Brombeerblätter, Walderdbeerblätter, Pfefferminze, Ringelblumenblüten, Spitzwegerich, Holunderblüten, Melisse, Sonnenblumenblüten, Pfingstrosenblüten, Wollblumenblüten, Aroma.";0102UV6815U;32.5;0;02/01/2018 10:40:14 MET;1;;11;;;B00FGQJMW0;0;DEFAULT;;;
V11825250;B078RKTP7T;Schlechtwettertee mit Anis-Note aromatisiert - Kräutertee (250g);"Der wohlig warme Sommer verabschiedet sich meist rapide und wird abgelöst durch dunkle Wolken, die uns einen regnerischen und stürmischen Tag ankündigen. An solch einem ""Schlechtwetter-Tag"" sehnt man sich nach etwas, das einen aufwärmt. Unser ""Klassiker"", eine wunderbar erlesene Mischung aus verschiedenen Kräutern, lässt von den vergangenen Sommertagen träumen. Der milde, leicht süßliche Geschmack dieser Komposition wird Ihren Gaumen mit einer markanten Fenchel-Anis-Note verwöhnen und erfährt somit einen beispielhaften Hochgenuss. Zutaten: Himbeerblätter, Hagebuttenschalen, Anis, Apfelstücke, Fenchel, Brombeerblätter, Walderdbeerblätter, Pfefferminze, Ringelblumenblüten, Spitzwegerich, Holunderblüten, Melisse, Sonnenblumenblüten, Pfingstrosenblüten, Wollblumenblüten, Aroma.";0102UV66N00;08. Sep;0;02/01/2018 10:40:14 MET;3;;11;;;737069841298;0;DEFAULT;;;
V11825500;B078RMG1L2;Schlechtwettertee mit Anis-Note aromatisiert - Kräutertee (500g);"Der wohlig warme Sommer verabschiedet sich meist rapide und wird abgelöst durch dunkle Wolken, die uns einen regnerischen und stürmischen Tag ankündigen. An solch einem ""Schlechtwetter-Tag"" sehnt man sich nach etwas, das einen aufwärmt. Unser ""Klassiker"", eine wunderbar erlesene Mischung aus verschiedenen Kräutern, lässt von den vergangenen Sommertagen träumen. Der milde, leicht süßliche Geschmack dieser Komposition wird Ihren Gaumen mit einer markanten Fenchel-Anis-Note verwöhnen und erfährt somit einen beispielhaften Hochgenuss. Zutaten: Himbeerblätter, Hagebuttenschalen, Anis, Apfelstücke, Fenchel, Brombeerblätter, Walderdbeerblätter, Pfefferminze, Ringelblumenblüten, Spitzwegerich, Holunderblüten, Melisse, Sonnenblumenblüten, Pfingstrosenblüten, Wollblumenblüten, Aroma.";0102UV65RC0;16. Sep;0;02/01/2018 10:40:14 MET;3;;11;;;737069841304;0;DEFAULT;;;
V119811KG;B07H6Y2KJC;Früchteteemischung Bitterlimonade aromatisiert 1 kg.;;0421XZO61K1;28. Sep;0;21/04/2020 12:07:02 MEST;1;;11;;;B07H6Y2KJC;0;DEFAULT;;;
V15007;B076SS89HD;Monbana Geschenk-Probierset Flavored Cocoa Powder;"Die hübsche Geschenkpackung enthält je eine Metalldose a 100g der aromatisierten Kakaosorten: Tiramisu, Gewürze, Spekulatius, Vanille, Haselnuss und Karamell. Zutaten: Caramel - Schokoladenpulver mit Karamellaroma: Zucker, Kakaopulver (33 %), Aromen (Gerste).; Speculoos - Schokoladenpulver mit GETREIDE und Zimt: Zucker, Kakaopulver (32 %), GETREIDE (5 %) (Reis, VOLLKORNWEIZEN, GERSTE), Zimt.; Vanille - Schokoladenpulver mit Vanillearoma: Zucker, Kakaopulver (33 %), Vanilleextrakt.; Pain d´épices - Schokoladenpulver mit Lebkuchenaroma: Zucker, Kakaopulver (33 %), Aromen.; Noisette - Schokoladenpulver mit HASELNUSSAROMA: Zucker, Kakaopulver (33 %), Aroma (SCHALENFRÜCHTE).; Tiramisu - Schokoladenpulver mit Tiramisu-Aroma: Zucker, Kakaopulver (32 %), Aroma. Hinweis: Die Sorte Caramel enthält Gluten (Gerste). Die Sorte Speculoos enthält Gluten (Weizen, Gerste). Die Sorte Noisette enthält Schalenfrüchte. Alle Sorten können Spuren von glutenhaltigem Getreide, Ei, Soja, Milch, Schalenfrüchten, Sellerie und Sulfiten enthalten.";1025SKBY5OC;29. Sep;0;25/10/2017 11:27:54 MEST;1;;11;;;B076SS89HD;0;DEFAULT;;;
V15020;B00RBLAVNW;Café Tasse Aromatisierte Trinkschokolade Vanilla 20 Sachets, 1er Pack (1 x 400 g);;1205S2TUMEC;19.95;0;05/12/2017 07:48:12 MET;1;;11;;;B00RBLAVNW;0;DEFAULT;;;
V15021;B00RBLAPAG;Café Tasse Aromatisierte Trinkschokolade Cinnamon 20 Sachets, 1er Pack (1 x 400 g);;1205S2W8HPU;19.95;0;05/12/2017 08:04:46 MET;1;;11;;;B00RBLAPAG;0;DEFAULT;;;
V15022;B00RBLAOW0;Café Tasse Aromatisierte Trinkschokolade Hazelnut 20 Sachets, 1er Pack (1 x 400 g);;1205S2X6UNU;19.95;0;05/12/2017 08:16:38 MET;1;;11;;;B00RBLAOW0;0;DEFAULT;;;
V15023;B00RBLAVVO;Café Tasse Aromatisierte Trinkschokolade Orange 20 Sachets, 1er Pack (1 x 400 g);;1205S2YPHSI;19.95;0;05/12/2017 08:29:03 MET;1;;11;;;B00RBLAVVO;0;DEFAULT;;;
V15024;B00RBLAOWK;Café Tasse Aromatisierte Trinkschokolade Caramel 20 Sachets, 1er Pack (1 x 400 g);;1205S30SMGU;19.95;0;05/12/2017 08:44:40 MET;1;;11;;;B00RBLAOWK;0;DEFAULT;;;
V15025;B00RBLAOUW;Café Tasse Trinkschokolade Intense 20 Sachets, 1er Pack (1 x 400 g);;1205S32LCV0;19.95;0;05/12/2017 08:58:40 MET;1;;11;;;B00RBLAOUW;0;DEFAULT;;;
V15026;B00RBLAW72;Café Tasse Trinkschokolade in 6 verschiedene Geschmacksrichtungen á 20 Sachets (Orange, Vanille, Haselnuss, Karamell, Zimt und Intense), 1er Pack (1 x 2.4 kg);;1205S37DRAO;69.99;0;05/12/2017 09:35:16 MET;1;;11;;;B00RBLAW72;0;DEFAULT;;;
V15100;B07FFS87N5;Könitz Tea Talk Becher, Tasse, Kaffeetasse, Teetasse, Porzellan, 370 ml, 11 1 618 2279;ZUSATZINFORMATION spülmaschinengeeignet: Ja mikrowellenfest: Ja Volumen (randvoll):0,37 l Material: Porzellan Motiv: Tee Größe / Durchmesser: 8,8 cm Höhe: 9,5 cm;0712UXAA38H;09. Sep;0;12/07/2018 10:42:46 MEST;4;;11;;;4028145093257;0;DEFAULT;;;
V15118;B00EWSTAB6;Barú Swirly Chocolate Powder & Schokofiguren, 1er Pack (1 x 250 g);;0724UGD71R6;07. Feb;0;24/07/2018 12:48:25 MEST;1;;11;;;B00EWSTAB6;0;DEFAULT;;;
V15140;B07HGV9J46;Rauf Tee - Teestunde im Advent - 24 x 2g Pyramidenbeutel;;1005UD50T28;24. Sep;0;05/10/2018 12:05:10 MEST;1;;11;;;B07HGV9J46;0;DEFAULT;;;
V15142;B07H9H8TKQ;"Becks Cocoa Trinkschokolade ""Günther"" BIO(Kakao 66% ZB)";;0925UM2ELHW;08. Sep;16;25/09/2018 11:59:13 MEST;1;;11;;;B07H9H8TKQ;0;DEFAULT;;;
V15143;B07H9HV732;"Becks Cocoa Trinkschokolade ""Michel"" BIO (Kakao 35% VM)";;0925UM5YZ5P;08. Sep;14;25/09/2018 12:09:54 MEST;1;;11;;;B07H9HV732;0;DEFAULT;;;
V15152;B01DDQLJXO;BARU Peppermint Hot Chocolate & Figurines Pulver 250 g;;1114UYVVSE4;08. Mai;0;14/11/2018 16:40:55 MET;1;;11;;;B01DDQLJXO;0;DEFAULT;;;
V15334;B086C612WS;Bio Gyokuro KIWAMI Grüner Tee aus Japan 50g - Keiko;Gyokuro - Bio Japan Grüntee Genießen Sie ein harmonisches Aroma mit der für Gyokuro typischen feinen Edelsüße, gepaart mit einer erfrischend fruchtigen Würze und einem langen, vollmundigen Nachklang. Erstmals können wir einen Premium Gyokuro aus dem Hochland von Kagoshima anbieten. Die Teesträucher werden hierfür nur einmal im Jahr beerntet. In zwei Stufen werden die Teepflanzen für insgesamt 3 Wochen mehrstufig beschattet und nach einem speziellen KEIKO Verfahren gedämpft. Der Aufguss der kleinen dunkelgrünen nadelförmigen Blättchen präsentiert sich in der Tasse vor allem im zweiten Aufguss mit einem für Gyokuro außergewöhnlich intensivem Grün und einem frischen, belebenden Duft. ZUBEREITUNG: Klassisch empfohlen wird normalerweise ein sehr intensiver Aufguss von ca. 6-7g Teeblätter pro100ml, 40-55°C heißes Wasser und eine Ziehzeit von ca. 2 Minuten. So erhält man einen Tee mit einem unglaublich dichten, vollmundigen Aroma und einer sehr ausgeprägten Süße, der mit seiner Intensität und der lauwarmen Temperatur für viele sehr ungewohnt ist. Diese luxuriöse Zubereitungsmethode sollte man auf jeden Fall einmal probiert haben, um heraus zu finden, ob sie einem zusagt. Wir empfehlen alternativ auch folgende (moderne) Zubereitung: 3-4g Teeblätter (ein gut gehäufter Teelöffel) pro 100ml, 55-60°C heißes Wasser und ca.1,5 Minuten Ziehzeit. Für den KEIKO Gyokuro Kiwami ist eine sehr hohe Dosierung nicht unbedingt nötig. So erhält man einen wohltemperierten Aufguss mit schöner, vielschichtiger Vollmundigkeit, frischer Spritzigkeit und feinem Duft. Der zweite Aufguss zieht dann nur ca. 30 bis 45 Sekunden bei 60 C°. Bei guter Wasserqualität ist eventuell auch noch ein dritter Aufguss möglich, der wie der zweite zubereitet wird.;0325XC4FRZA;32;0;25/03/2020 11:31:56 MET;4;;11;;;4031322109924;0;DEFAULT;;;
V15342;B071DXP45W;Celestial Seasonings Dirty Chai, 6er Pack (6 x 69 g);;0623XKOQDEV;19. Sep;0;23/06/2020 12:01:23 MEST;1;;11;;;B071DXP45W;0;DEFAULT;;;
X4-SL01-2O6U;B07FH864Y7;Colombia Excelso EP Haciende La Claudina - 1000g Röstkaffee in Bohnen;Die Hacienda La claudina ist in Ciudad Bolívar gelegen, einer traditionellen kolumbianischen Kaffeestadt, etwa 100km südwestlich von Medellín. Vom Boden der Hacienda hat man einen spektakulären Blick hinüber zu einer Bergkette, die Los Farallones del Citar genannt wird und in eine Höhe von bis zu 3.900m reicht. Die Kaffees der Hacienda sind zu 100% gewaschene Arabicas der kolumbianischen Castillo Varietät, die sich als besonders Widerstandsfähig erwiesen hat. Auf der Hacienda gibt es verschiedene Micro-Lots unter denen sich auch ein Yellow Bourbon findet. Desweiteren werden natural pulped Rohkaffees und honey-processed Micro-Lots angeboten. Annähernd 60 Farmarbeiter sind wärend der Erntezeit mit der händischen Ernte der reifen Kaffeekirschen beschäftigt. Tassenprofil: Eine volle Tasse mit mildem Körper und einer angenehmen süße. Ein komplexes blumiges und fruchtiges Aroma erinnert an Walnuss, Karamell und Clementinen. Region:Ciudad Bolívar, Antioquia Höhe:1.320 bis 1.870m Varietäten:Castillo, Caturra, Bourbon Screen:16 Ernte:September bis Dezember;0626U4O5195;25. Sep;0;26/06/2018 10:22:38 MEST;3;;11;;;737069841328;0;DEFAULT;;;
Z7-UDLH-PEFL;B07F1Q61WT;Didu Naturkaffee Äthiopien - 1000g Röstkaffee in Bohnen;Didu, ein Dorf am Rande des äthiopischen Urwaldes, im Südwesten von Illubabor, ca. 1800 m über dem Meeresspiegel. Hier wächst der Ur-Kaffee noch wild. Kebede Debessa Mena, der nach seinem Studium in Deutschland ins Land seiner Väter zurückkehrte, erhält und kultiviert hier diese wichtige Pflanze in ihrem natürlichen Umfeld. Die Pflanzen stehen im Schatten alter und mächtiger Urwaldbäume. Diese bewahren die Kaffeepflanzen nicht nur vor zu viel Sonne, sondern auch den Boden vor dem Austrocknen. Selbstverständlich wird hier mit Macheten gegen „Unkraut“ vorgegangen und nicht mit Giften. So bleibt die Vegetation weitgehend erhalten., die Fauna und der Boden geschützt. Didu Naturkaffee ist eine Rarität von außergewöhnlicher Qualität und nur begrenzt verfügbar. Er ist einzigartig in Dichte, Aroma und Geschmack. Tassenprofil Leichter Körperanteil mit sauberer Tasse. Citrus und Mandarinenaromen treffen auf den Geschmack von Jasmin und Brombeere. Im Abgang würzige Noten. Region: Didu, Alle, Illubabor, Äthiopien Höhe: 1.800-1.900m Varietät: Illubabor Didu (neue Sorte) Aufbereitung: trocken Ernte: Dezember – März / Ausschließlich von Hand;0626U4PG084;32.9;0;26/06/2018 10:38:51 MEST;3;;11;;;737069841359;0;DEFAULT;;;
